Zone,Region,Sub_region,Season,Transect,term,estimate,std.error,statistic,p.value,r.squared,adj.r.squared,sigma,statistic.1,p.value.1,df,logLik,AIC,BIC,deviance,df.residual,nobs
Inshore,FL,BB,Winter,T1,(Intercept),907.4863639014657,246.99167290323567,3.674157728617001,0.007920587012216231,0.8435494252457443,0.8211993431379935,18.936404367707347,37.742564934614194,4.705278089303458e-4,1,-38.10930790940607,82.21861581881214,82.8102895508208,2510.111872641281,7,9
Inshore,FL,BB,Winter,T1,DIC_umol_kg,0.7183150953672214,0.11692282173026433,6.143497776886893,4.705278089303458e-4,0.8435494252457443,0.8211993431379935,18.936404367707347,37.742564934614194,4.705278089303458e-4,1,-38.10930790940607,82.21861581881214,82.8102895508208,2510.111872641281,7,9
Inshore,FL,BB,Winter,T2,(Intercept),999.8497148726728,391.33489504519054,2.5549720393761777,0.043200239250893384,0.6871913521054969,0.635056577456413,29.49010541600925,13.181055384451973,0.0109576570924335,1,-37.273218355482896,80.54643671096579,80.7847613360053,5217.997904684029,6,8
Inshore,FL,BB,Winter,T2,DIC_umol_kg,0.6804928117113329,0.18743403281321783,3.630572321887024,0.010957657092433197,0.6871913521054969,0.635056577456413,29.49010541600925,13.181055384451973,0.0109576570924335,1,-37.273218355482896,80.54643671096579,80.7847613360053,5217.997904684029,6,8
Inshore,FL,BB,Spring,T1,(Intercept),528.3883656086603,176.97458918049742,2.9856736385456664,0.013674409410534607,0.9113959904516591,0.902535589496825,25.610484135401112,102.8617096559741,1.3965383519859033e-6,1,-54.84935470794142,115.69870941588285,117.15342936524685,6558.9689764963205,10,12
Inshore,FL,BB,Spring,T1,DIC_umol_kg,0.9106855137059797,0.08979280925384013,10.142076200461819,1.3965383519859057e-6,0.9113959904516591,0.902535589496825,25.610484135401112,102.8617096559741,1.3965383519859033e-6,1,-54.84935470794142,115.69870941588285,117.15342936524685,6558.9689764963205,10,12
Inshore,FL,BB,Spring,T2,(Intercept),438.76912099543887,817.0327675309177,0.5370275690672777,0.6078873401324218,0.43115660908074444,0.3498932675208507,44.26972995397291,5.305671669469417,0.05471592875816524,1,-45.75224219230478,97.50448438460955,98.09615811661821,13718.662931383806,7,9
Inshore,FL,BB,Spring,T2,DIC_umol_kg,0.9723907871471562,0.42215374853504967,2.303404365166789,0.05471592875816524,0.43115660908074444,0.3498932675208507,44.26972995397291,5.305671669469417,0.05471592875816524,1,-45.75224219230478,97.50448438460955,98.09615811661821,13718.662931383806,7,9
Inshore,FL,BB,Summer,T1,(Intercept),1259.698337088786,352.42029589518864,3.5744205193659617,0.007246879012236588,0.5479412949731942,0.4914339568448435,29.341404127808936,9.69681661041263,0.014358984324753927,1,-46.86366386234157,99.72732772468314,100.63508300366527,6887.343969531226,8,10
Inshore,FL,BB,Summer,T1,DIC_umol_kg,0.5320560914943075,0.17086095470414076,3.113971196143699,0.014358984324753967,0.5479412949731942,0.4914339568448435,29.341404127808936,9.69681661041263,0.014358984324753927,1,-46.86366386234157,99.72732772468314,100.63508300366527,6887.343969531226,8,10
Inshore,FL,BB,Summer,T2,(Intercept),1335.7481235048504,333.2776278698579,4.007914158661885,0.00390640299703391,0.52383584606365,0.46431532682160626,40.05324242090063,8.8009287004611,0.01796319252706441,1,-49.975763871082684,105.95152774216537,106.8592830211475,12834.097827419471,8,10
Inshore,FL,BB,Summer,T2,DIC_umol_kg,0.49014119431765285,0.16521784506639733,2.966635923139393,0.017963192527064305,0.52383584606365,0.46431532682160626,40.05324242090063,8.8009287004611,0.01796319252706441,1,-49.975763871082684,105.95152774216537,106.8592830211475,12834.097827419471,8,10
Inshore,FL,BB,Fall,T1,(Intercept),992.0932836398513,245.32408738514496,4.044010900903999,0.002346047325764843,0.7666345467308048,0.7432980014038852,23.637232728421328,32.85124408909252,1.8989098609079047e-4,1,-53.887210579538916,113.77442115907783,115.22914110844184,5587.187710575523,10,12
Inshore,FL,BB,Fall,T1,DIC_umol_kg,0.6660978318939779,0.11621497938438312,5.731600482334101,1.8989098609079082e-4,0.7666345467308048,0.7432980014038852,23.637232728421328,32.85124408909252,1.8989098609079047e-4,1,-53.887210579538916,113.77442115907783,115.22914110844184,5587.187710575523,10,12
Inshore,FL,BB,Fall,T2,(Intercept),111.71944922909553,328.8715754269781,0.33970539741553757,0.7418715548492638,0.8445703812633989,0.8273004236259988,20.425160015470453,48.90402159611452,6.372826318505945e-5,1,-47.68907726532108,101.37815453064216,102.57184034903727,3754.684454918156,9,11
Inshore,FL,BB,Fall,T2,DIC_umol_kg,1.0787566874678276,0.15425924937007843,6.9931410393409665,6.372826318505784e-5,0.8445703812633989,0.8273004236259988,20.425160015470453,48.90402159611452,6.372826318505945e-5,1,-47.68907726532108,101.37815453064216,102.57184034903727,3754.684454918156,9,11
Inshore,FL,UK,Winter,T1,(Intercept),849.8617135862949,154.8025257538859,5.489973173547922,1.8907162124391706e-4,0.9034630930325828,0.8946870105809994,21.589892132737717,102.94605799533925,6.393452347819388e-7,1,-57.29927760985414,120.59855521970827,122.29340329209289,5127.357865335749,11,13
Inshore,FL,UK,Winter,T1,DIC_umol_kg,0.7531524932813171,0.07422976018949096,10.146233685232144,6.393452347819322e-7,0.9034630930325828,0.8946870105809994,21.589892132737717,102.94605799533925,6.393452347819388e-7,1,-57.29927760985414,120.59855521970827,122.29340329209289,5127.357865335749,11,13
Inshore,FL,UK,Winter,T2,(Intercept),1065.6223239049775,162.2563206457637,6.5675242706349355,5.972660579449955e-4,0.9235857912529373,0.9108500897950935,21.78189432545929,72.51942849870366,1.436242524543464e-4,1,-34.84941268926975,75.6988253785395,75.937150003579,2846.705522432854,6,8
Inshore,FL,UK,Winter,T2,DIC_umol_kg,0.6523647131121194,0.0766060862726411,8.51583398726771,1.4362425245434513e-4,0.9235857912529373,0.9108500897950935,21.78189432545929,72.51942849870366,1.436242524543464e-4,1,-34.84941268926975,75.6988253785395,75.937150003579,2846.705522432854,6,8
Inshore,FL,UK,Spring,T1,(Intercept),1129.8066318684087,154.6943849754969,7.303475378549561,1.7706259064485482e-6,0.7873414376531569,0.7740502775064793,24.345857373135463,59.237976893233366,9.123607828682644e-7,1,-81.94335699632889,169.88671399265777,172.55782926634626,9483.53233972887,16,18
Inshore,FL,UK,Spring,T1,DIC_umol_kg,0.6205293462792096,0.08062360552872427,7.696621134837859,9.123607828683203e-7,0.7873414376531569,0.7740502775064793,24.345857373135463,59.237976893233366,9.123607828682644e-7,1,-81.94335699632889,169.88671399265777,172.55782926634626,9483.53233972887,16,18
Inshore,FL,UK,Spring,T2,(Intercept),1501.7135879010518,132.7480644567556,11.312508352167006,9.437746897877259e-6,0.8515061660385931,0.8302927611869635,12.742849236147194,40.14000449216818,3.9057326590754367e-4,1,-34.5442643020166,75.0885286040332,75.68020233604186,1136.66144658624,7,9
Inshore,FL,UK,Spring,T2,DIC_umol_kg,0.4360442900966736,0.06882431466549192,6.335613979100085,3.905732659075369e-4,0.8515061660385931,0.8302927611869635,12.742849236147194,40.14000449216818,3.9057326590754367e-4,1,-34.5442643020166,75.0885286040332,75.68020233604186,1136.66144658624,7,9
Inshore,FL,UK,Summer,T1,(Intercept),1100.3781060149747,665.2105917856833,1.6541800741042518,0.1203287165379952,0.20057237923699375,0.14347040632535046,46.033122867396365,3.5125297605277015,0.08192731810218047,1,-82.90454458553134,171.80908917106268,174.12685533778202,29666.677612947344,14,16
Inshore,FL,UK,Summer,T1,DIC_umol_kg,0.6191675023367944,0.33036813189941117,1.874174421052559,0.08192731810218078,0.20057237923699375,0.14347040632535046,46.033122867396365,3.5125297605277015,0.08192731810218047,1,-82.90454458553134,171.80908917106268,174.12685533778202,29666.677612947344,14,16
Inshore,FL,UK,Summer,T2,(Intercept),1276.8905042167146,459.12418132302753,2.7811440916424495,0.02388236308971515,0.40062695478781557,0.3257053241362926,39.50427146233405,5.34728023541318,0.04950182621390173,1,-49.83775561895059,105.67551123790118,106.58326651688331,12484.699710158244,8,10
Inshore,FL,UK,Summer,T2,DIC_umol_kg,0.5276941561486367,0.22820009048436743,2.3124186981196035,0.04950182621390206,0.40062695478781557,0.3257053241362926,39.50427146233405,5.34728023541318,0.04950182621390173,1,-49.83775561895059,105.67551123790118,106.58326651688331,12484.699710158244,8,10
Inshore,FL,UK,Fall,T1,(Intercept),818.111133942534,171.54570832313735,4.769056258763838,2.091219649776396e-4,0.84711154481338,0.8375560163642163,26.9198931127662,88.65145965710714,6.307593926970075e-8,1,-83.75242589269367,173.50485178538733,176.17596705907582,11594.890323244113,16,18
Inshore,FL,UK,Fall,T1,DIC_umol_kg,0.7484578039785215,0.07949217421529067,9.415490409803791,6.307593926970075e-8,0.84711154481338,0.8375560163642163,26.9198931127662,88.65145965710714,6.307593926970075e-8,1,-83.75242589269367,173.50485178538733,176.17596705907582,11594.890323244113,16,18
Inshore,FL,UK,Fall,T2,(Intercept),1051.88717066569,238.56319527673034,4.409260068157261,0.0031216140271699755,0.8221138019384882,0.7967014879297007,29.086157191806514,32.35100123720361,7.44694834942336e-4,1,-41.97189313966925,89.9437862793385,90.53546001134715,5922.031781305344,7,9
Inshore,FL,UK,Fall,T2,DIC_umol_kg,0.6396166632767558,0.11245425851279793,5.687794057207392,7.446948349423279e-4,0.8221138019384882,0.7967014879297007,29.086157191806514,32.35100123720361,7.44694834942336e-4,1,-41.97189313966925,89.9437862793385,90.53546001134715,5922.031781305344,7,9
Inshore,FL,MK,Winter,T1,(Intercept),925.5656074357273,277.13078880577325,3.339815151626508,0.020556664702409317,0.8553061881066356,0.8263674257279627,25.752499314827226,29.555727951136358,0.002856811786145828,1,-31.494638686445967,68.98927737289193,68.82700782005787,3315.956104800884,5,7
Inshore,FL,MK,Winter,T1,DIC_umol_kg,0.7199202555442882,0.1324230427830646,5.436517998787124,0.002856811786145828,0.8553061881066356,0.8263674257279627,25.752499314827226,29.555727951136358,0.002856811786145828,1,-31.494638686445967,68.98927737289193,68.82700782005787,3315.956104800884,5,7
Inshore,FL,MK,Winter,T2,(Intercept),556.1139860440645,370.9030173292219,1.499351474810045,0.18444365534785484,0.8138518227915282,0.7828271265901163,50.006313252566734,26.23238653194255,0.002174489150285477,1,-41.49797407590002,88.99594815180004,89.23427277683955,15003.788190682988,6,8
Inshore,FL,MK,Winter,T2,DIC_umol_kg,0.8920555744386849,0.17416986289269945,5.1217561960662055,0.002174489150285473,0.8138518227915282,0.7828271265901163,50.006313252566734,26.23238653194255,0.002174489150285477,1,-41.49797407590002,88.99594815180004,89.23427277683955,15003.788190682988,6,8
Inshore,FL,MK,Winter,T3,(Intercept),612.2300596879311,271.5775839857996,2.254346808387336,0.0738732243322471,0.8994364305425565,0.8793237166510678,27.025573539979252,44.71979442432086,0.0011304532687139652,1,-31.832402005355476,69.66480401071095,69.50253445787689,3651.9081258241335,5,7
Inshore,FL,MK,Winter,T3,DIC_umol_kg,0.8644324671026595,0.1292650655952535,6.687286028301839,0.001130453268713957,0.8994364305425565,0.8793237166510678,27.025573539979252,44.71979442432086,0.0011304532687139652,1,-31.832402005355476,69.66480401071095,69.50253445787689,3651.9081258241335,5,7
Inshore,FL,MK,Spring,T1,(Intercept),822.8616669629695,257.24288905768424,3.1987732293678706,0.009511473210445723,0.768642417183436,0.7455066589017796,32.23367846606322,33.2231348471888,1.8167040208882e-4,1,-57.609474910381024,121.21894982076205,122.67366977012605,10390.100274535474,10,12
Inshore,FL,MK,Spring,T1,DIC_umol_kg,0.7754953092611917,0.1345423071574545,5.763951322416611,1.8167040208883287e-4,0.768642417183436,0.7455066589017796,32.23367846606322,33.2231348471888,1.8167040208882e-4,1,-57.609474910381024,121.21894982076205,122.67366977012605,10390.100274535474,10,12
Inshore,FL,MK,Spring,T2,(Intercept),781.7267474351203,266.34687973273907,2.9349949517693985,0.014912715045291663,0.7674941074893842,0.7442435182383226,39.39509317775401,33.009662645618405,1.8633566717503867e-4,1,-60.01702829664382,126.03405659328764,127.48877654265165,15519.733664839207,10,12
Inshore,FL,MK,Spring,T2,DIC_umol_kg,0.8001676534697216,0.13927092119877227,5.74540361033223,1.863356671750343e-4,0.7674941074893842,0.7442435182383226,39.39509317775401,33.009662645618405,1.8633566717503867e-4,1,-60.01702829664382,126.03405659328764,127.48877654265165,15519.733664839207,10,12
Inshore,FL,MK,Spring,T3,(Intercept),133.35482276180903,537.0843865205065,0.24829398528180335,0.8094796272467663,0.6422365889274595,0.6024850988082884,50.85601786939467,16.156289663660296,0.003020386037194511,1,-57.723618111280445,121.44723622256089,122.640922040956,23277.01098178971,9,11
Inshore,FL,MK,Spring,T3,DIC_umol_kg,1.122201283793963,0.27919005593039253,4.019488731624988,0.003020386037194533,0.6422365889274595,0.6024850988082884,50.85601786939467,16.156289663660296,0.003020386037194511,1,-57.723618111280445,121.44723622256089,122.640922040956,23277.01098178971,9,11
Inshore,FL,MK,Summer,T1,(Intercept),711.9489339676533,310.6434455688661,2.291852424775601,0.05565536596801142,0.7863041979322655,0.7557762262083034,45.018420832161354,25.756843757657123,0.00143884661063588,1,-45.90317769208872,97.80635538417744,98.3980291161861,14186.607499551053,7,9
Inshore,FL,MK,Summer,T1,DIC_umol_kg,0.8029242317452591,0.15820792812000403,5.075120073225561,0.001438846610635896,0.7863041979322655,0.7557762262083034,45.018420832161354,25.756843757657123,0.00143884661063588,1,-45.90317769208872,97.80635538417744,98.3980291161861,14186.607499551053,7,9
Inshore,FL,MK,Summer,T2,(Intercept),356.43441158144395,195.44340221206775,1.8237218936390156,0.10564826713631571,0.9207020188143772,0.9107897711661743,34.9489272721912,92.88529216492151,1.1172984422975881e-5,1,-48.61254532542927,103.22509065085853,104.13284592984067,9771.420139815276,8,10
Inshore,FL,MK,Summer,T2,DIC_umol_kg,0.9762904317664926,0.1012990930935591,9.637701601778389,1.1172984422975781e-5,0.9207020188143772,0.9107897711661743,34.9489272721912,92.88529216492151,1.1172984422975881e-5,1,-48.61254532542927,103.22509065085853,104.13284592984067,9771.420139815276,8,10
Inshore,FL,MK,Summer,T3,(Intercept),278.4922321090485,230.5035710799771,1.2081905317311588,0.2614733951587518,0.9016660066122587,0.8893742574387911,33.85559811643191,73.35538611205544,2.663871470924912e-5,1,-48.29471123333456,102.58942246666912,103.49717774565126,9169.612190570786,8,10
Inshore,FL,MK,Summer,T3,DIC_umol_kg,1.0149691539370866,0.1185050451424698,8.564775893860592,2.6638714709249026e-5,0.9016660066122587,0.8893742574387911,33.85559811643191,73.35538611205544,2.663871470924912e-5,1,-48.29471123333456,102.58942246666912,103.49717774565126,9169.612190570786,8,10
Inshore,FL,MK,Fall,T1,(Intercept),1008.9943430843184,249.5074284657416,4.043945101309308,0.002346295461750185,0.7545007769756531,0.7299508546732184,23.295037953453726,30.733326471702387,2.462350166092871e-4,1,-53.712217551940164,113.42443510388033,114.87915505324433,5426.587932528496,10,12
Inshore,FL,MK,Fall,T1,DIC_umol_kg,0.6609981284428303,0.11923271827366584,5.54376464793574,2.462350166092968e-4,0.7545007769756531,0.7299508546732184,23.295037953453726,30.733326471702387,2.462350166092871e-4,1,-53.712217551940164,113.42443510388033,114.87915505324433,5426.587932528496,10,12
Inshore,FL,MK,Fall,T2,(Intercept),642.3542593146552,375.90634329908625,1.7088146309985843,0.1258616575096254,0.7340194300884678,0.7007718588495263,37.73181359755566,22.077384985906615,0.0015441381107018967,1,-49.37870358154299,104.75740716308599,105.66516244206812,11389.51805888549,8,10
Inshore,FL,MK,Fall,T2,DIC_umol_kg,0.8381032135226912,0.17837077135015242,4.69865778557096,0.001544138110701901,0.7340194300884678,0.7007718588495263,37.73181359755566,22.077384985906615,0.0015441381107018967,1,-49.37870358154299,104.75740716308599,105.66516244206812,11389.51805888549,8,10
Inshore,FL,MK,Fall,T3,(Intercept),655.8098243484934,224.77124411828933,2.917676711365104,0.01709632531672739,0.8682879711391847,0.8536533012657608,28.10017924529209,59.33088881738064,2.9918090523590377e-5,1,-51.198170546918675,108.39634109383735,109.59002691223246,7106.580662557899,9,11
Inshore,FL,MK,Fall,T3,DIC_umol_kg,0.8257936533312747,0.10720896752346411,7.702654660399922,2.9918090523590377e-5,0.8682879711391847,0.8536533012657608,28.10017924529209,59.33088881738064,2.9918090523590377e-5,1,-51.198170546918675,108.39634109383735,109.59002691223246,7106.580662557899,9,11
Inshore,FL,LK,Winter,T1,(Intercept),1074.0063850806441,411.8958360987561,2.607470848098451,0.03504205760658279,0.59890614513779,0.541607023014617,50.07975748043099,10.452274362081033,0.014391875344104728,1,-46.862083828810675,99.72416765762135,100.31584138963001,17555.874765091485,7,9
Inshore,FL,LK,Winter,T1,DIC_umol_kg,0.6411060881272187,0.1983008156654906,3.2329977361701165,0.01439187534410453,0.59890614513779,0.541607023014617,50.07975748043099,10.452274362081033,0.014391875344104728,1,-46.862083828810675,99.72416765762135,100.31584138963001,17555.874765091485,7,9
Inshore,FL,LK,Winter,T2,(Intercept),942.3470074031313,426.6337059397293,2.2087964318887106,0.0692579814143443,0.6600630327771303,0.6034068715733187,41.425382811591156,11.650331027593941,0.014261393335085268,1,-39.991930410601135,85.98386082120227,86.22218544624178,10296.374046521234,6,8
Inshore,FL,LK,Winter,T2,DIC_umol_kg,0.6986533508184245,0.20468810890971156,3.4132581249583103,0.014261393335085323,0.6600630327771303,0.6034068715733187,41.425382811591156,11.650331027593941,0.014261393335085268,1,-39.991930410601135,85.98386082120227,86.22218544624178,10296.374046521234,6,8
Inshore,FL,LK,Winter,T3,(Intercept),1010.2614778630859,560.5453110595982,1.802283344326598,0.10501043966978742,0.39644472502485467,0.32938302780539397,40.00735134277063,5.911641689107304,0.037896260388995684,1,-55.08433046897734,116.16866093795468,117.3623467563498,14405.293453175022,9,11
Inshore,FL,LK,Winter,T3,DIC_umol_kg,0.6528723121644795,0.26851849187400434,2.4313867831151965,0.03789626038899618,0.39644472502485467,0.32938302780539397,40.00735134277063,5.911641689107304,0.037896260388995684,1,-55.08433046897734,116.16866093795468,117.3623467563498,14405.293453175022,9,11
Inshore,FL,LK,Spring,T1,(Intercept),599.9505803526708,239.23281584129145,2.507810553677058,0.033430638359687286,0.8401429946829374,0.8223811052032638,32.69843022492294,47.300316536952984,7.246582988783481e-5,1,-52.86523282557519,111.73046565115038,112.92415146954549,9622.686052567384,9,11
Inshore,FL,LK,Spring,T1,DIC_umol_kg,0.8717015217441338,0.12674644312427996,6.8775225580839034,7.246582988783493e-5,0.8401429946829374,0.8223811052032638,32.69843022492294,47.300316536952984,7.246582988783481e-5,1,-52.86523282557519,111.73046565115038,112.92415146954549,9622.686052567384,9,11
Inshore,FL,LK,Spring,T2,(Intercept),2.585496923492238,514.315852620987,0.005027060531609861,0.9960878753260674,0.6543380688347623,0.6197718757182384,45.531347812293056,18.93000095871036,0.0014416281698871691,1,-61.75414567735379,129.50829135470758,130.96301130407159,20731.036336040037,10,12
Inshore,FL,LK,Spring,T2,DIC_umol_kg,1.180253418250839,0.27126886415223883,4.350862093736158,0.0014416281698872142,0.6543380688347623,0.6197718757182384,45.531347812293056,18.93000095871036,0.0014416281698871691,1,-61.75414567735379,129.50829135470758,130.96301130407159,20731.036336040037,10,12
Inshore,FL,LK,Spring,T3,(Intercept),668.8051995988151,217.12063582989362,3.0803391720112705,0.011633940912585256,0.8481349523957463,0.8329484476353209,25.207960682189842,55.8479364261557,2.1274886101596063e-5,1,-54.65925119431253,115.31850238862506,116.77322233798907,6354.41281754829,10,12
Inshore,FL,LK,Spring,T3,DIC_umol_kg,0.8270457568568926,0.11066899664573548,7.473147691980651,2.1274886101596025e-5,0.8481349523957463,0.8329484476353209,25.207960682189842,55.8479364261557,2.1274886101596063e-5,1,-54.65925119431253,115.31850238862506,116.77322233798907,6354.41281754829,10,12
Inshore,FL,LK,Summer,T1,(Intercept),462.00768322063715,232.44203496738493,1.987625359094209,0.08719602208369133,0.8852159568284396,0.8688182363753595,36.370416973464515,53.98408634671934,1.5628022486887964e-4,1,-43.98333338485204,93.96666676970408,94.55834050171273,9259.650615765731,7,9
Inshore,FL,LK,Summer,T1,DIC_umol_kg,0.905744808618473,0.12327442222875691,7.347386361606365,1.562802248688806e-4,0.8852159568284396,0.8688182363753595,36.370416973464515,53.98408634671934,1.5628022486887964e-4,1,-43.98333338485204,93.96666676970408,94.55834050171273,9259.650615765731,7,9
Inshore,FL,LK,Summer,T2,(Intercept),420.1219935037808,239.37943510522587,1.7550463067936664,0.1297815481990878,0.9041759001660701,0.8882052168604151,25.85240939633645,56.614728553656455,2.854523537904725e-4,1,-36.22001040329009,78.44002080658018,78.67834543161969,4010.082429574711,6,8
Inshore,FL,LK,Summer,T2,DIC_umol_kg,0.919300096541679,0.12217788167226405,7.524275948797793,2.854523537904659e-4,0.9041759001660701,0.8882052168604151,25.85240939633645,56.614728553656455,2.854523537904725e-4,1,-36.22001040329009,78.44002080658018,78.67834543161969,4010.082429574711,6,8
Inshore,FL,LK,Summer,T3,(Intercept),502.57021439751196,577.2080134226036,0.8706916791010566,0.4127836190570401,0.5814884280701242,0.5217010606515706,38.8990541023548,9.725941334718684,0.01687569996410972,1,-44.58826127932326,95.17652255864652,95.76819629065518,10591.954870405481,7,9
Inshore,FL,LK,Summer,T3,DIC_umol_kg,0.8999337565712271,0.28856570781030316,3.1186441500624325,0.016875699964109918,0.5814884280701242,0.5217010606515706,38.8990541023548,9.725941334718684,0.01687569996410972,1,-44.58826127932326,95.17652255864652,95.76819629065518,10591.954870405481,7,9
Inshore,FL,LK,Fall,T1,(Intercept),199.4751492855426,123.55602289542742,1.6144510369548712,0.13750371972144407,0.9669479016821889,0.9636426918504079,21.217170473945632,292.5526519933897,9.843835978089975e-9,1,-52.59106244024714,111.18212488049429,112.63684482985829,4501.683229204703,10,12
Inshore,FL,LK,Fall,T1,DIC_umol_kg,1.0389567121041277,0.06074288758339369,17.104170602323567,9.84383597808994e-9,0.9669479016821889,0.9636426918504079,21.217170473945632,292.5526519933897,9.843835978089975e-9,1,-52.59106244024714,111.18212488049429,112.63684482985829,4501.683229204703,10,12
Inshore,FL,LK,Fall,T2,(Intercept),187.8686731962837,224.10613168720886,0.8383022444852032,0.42144640152971846,0.9007759323654092,0.8908535256019501,21.890243465516196,90.78200015773058,2.4715200749608303e-6,1,-52.96582546207338,111.93165092414677,113.38637087351077,4791.827589795746,10,12
Inshore,FL,LK,Fall,T2,DIC_umol_kg,1.0410609671102657,0.10926379739037852,9.527958866290867,2.4715200749608036e-6,0.9007759323654092,0.8908535256019501,21.890243465516196,90.78200015773058,2.4715200749608303e-6,1,-52.96582546207338,111.93165092414677,113.38637087351077,4791.827589795746,10,12
Inshore,FL,LK,Fall,T3,(Intercept),93.89673353273686,442.68003113552714,0.21210971114256166,0.8362823354964672,0.718095134193899,0.6899046476132888,36.42696185627612,25.47295989874177,5.013944338321787e-4,1,-59.077043587165605,124.15408717433121,125.60880712369521,13269.235500785959,10,12
Inshore,FL,LK,Fall,T3,DIC_umol_kg,1.091173210405218,0.21619915342549223,5.047074390054281,5.013944338321782e-4,0.718095134193899,0.6899046476132888,36.42696185627612,25.47295989874177,5.013944338321787e-4,1,-59.077043587165605,124.15408717433121,125.60880712369521,13269.235500785959,10,12
Mid channel,FL,BB,Winter,T1,(Intercept),276.183945573468,376.34796635287546,0.7338526317809552,0.4907086851293292,0.8402733034166404,0.8136521873194138,9.269261529774178,31.564165091642433,0.0013579605903791235,1,-28.014409688058386,62.02881937611677,62.26714400115628,515.5152558441093,6,8
Mid channel,FL,BB,Winter,T1,DIC_umol_kg,1.0234368457014882,0.18216456256072844,5.618199452817854,0.0013579605903790788,0.8402733034166404,0.8136521873194138,9.269261529774178,31.564165091642433,0.0013579605903791235,1,-28.014409688058386,62.02881937611677,62.26714400115628,515.5152558441093,6,8
Mid channel,FL,BB,Winter,T2,(Intercept),1019.4102249394055,347.68529985824773,2.931991157966764,0.02621910875758318,0.7207687750672326,0.6742302375784379,10.241932725022723,15.487568238275166,0.007664804723698148,1,-28.81270273166789,63.62540546333578,63.86373008837529,629.3831156633483,6,8
Mid channel,FL,BB,Winter,T2,DIC_umol_kg,0.6642581422974222,0.16878943915578298,3.9354247849852144,0.007664804723697305,0.7207687750672326,0.6742302375784379,10.241932725022723,15.487568238275166,0.007664804723698148,1,-28.81270273166789,63.62540546333578,63.86373008837529,629.3831156633483,6,8
Mid channel,FL,BB,Spring,T1,(Intercept),1083.901026179382,187.57545128111897,5.778480173052824,4.152375591160123e-4,0.8541573661796804,0.8359270369521404,12.619041098400517,46.85364457869106,1.3165925398180153e-4,1,-38.42573629079708,82.85147258159417,83.7592278605763,1273.9215859449707,8,10
Mid channel,FL,BB,Spring,T1,DIC_umol_kg,0.634663812166081,0.09271970616374221,6.8449722116814105,1.31659253981805e-4,0.8541573661796804,0.8359270369521404,12.619041098400517,46.85364457869106,1.3165925398180153e-4,1,-38.42573629079708,82.85147258159417,83.7592278605763,1273.9215859449707,8,10
Mid channel,FL,BB,Spring,T2,(Intercept),1069.7866656887868,419.90591329262327,2.547681830199128,0.043626706042096355,0.6182255161427375,0.5545964354998603,10.893667591230514,9.71608437363057,0.020662037833399014,1,-29.30623329968956,64.61246659937912,64.85079122441863,712.0319615293561,6,8
Mid channel,FL,BB,Spring,T2,DIC_umol_kg,0.6456726062090229,0.20714131183735915,3.1170634214964554,0.020662037833396405,0.6182255161427375,0.5545964354998603,10.893667591230514,9.71608437363057,0.020662037833399014,1,-29.30623329968956,64.61246659937912,64.85079122441863,712.0319615293561,6,8
Mid channel,FL,BB,Summer,T1,(Intercept),1251.8285488935335,521.037368690431,2.402569612309889,0.04300393846648992,0.362739183539843,0.28308158148232343,21.226682426621156,4.553729639989843,0.06538987438551572,1,-43.62625752875477,93.25251505750954,94.16027033649168,3604.576374725019,8,10
Mid channel,FL,BB,Summer,T1,DIC_umol_kg,0.5433497112193241,0.2546219379836803,2.13394696278743,0.06538987438551917,0.362739183539843,0.28308158148232343,21.226682426621156,4.553729639989843,0.06538987438551572,1,-43.62625752875477,93.25251505750954,94.16027033649168,3604.576374725019,8,10
Mid channel,FL,BB,Summer,T2,(Intercept),1751.0855314746561,340.13023628128286,5.148279525571297,8.761726949581924e-4,0.29220987110229985,0.2037361049900872,19.325404261901078,3.3027854915962997,0.10668289264975368,1,-42.68787270917443,91.37574541834886,92.283500697331,2987.7699990872343,8,10
Mid channel,FL,BB,Summer,T2,DIC_umol_kg,0.30158556928125985,0.16594736958325462,1.8173567320689377,0.10668289264975417,0.29220987110229985,0.2037361049900872,19.325404261901078,3.3027854915962997,0.10668289264975368,1,-42.68787270917443,91.37574541834886,92.283500697331,2987.7699990872343,8,10
Mid channel,FL,BB,Fall,T1,(Intercept),1507.4185626288072,182.9086989452301,8.241371631429002,1.7442201984309558e-5,0.7179188122983203,0.6865764581092448,7.311769929252745,22.905707974819364,9.929345767852827e-4,1,-36.388974097439544,78.77794819487909,79.9716340132742,481.1578154849222,9,11
Mid channel,FL,BB,Fall,T1,DIC_umol_kg,0.42188434755337495,0.08814984500417249,4.785990803879525,9.929345767852801e-4,0.7179188122983203,0.6865764581092448,7.311769929252745,22.905707974819364,9.929345767852827e-4,1,-36.388974097439544,78.77794819487909,79.9716340132742,481.1578154849222,9,11
Mid channel,FL,BB,Fall,T2,(Intercept),1289.707120527999,317.8128259860977,4.058071339714954,0.003643173258656767,0.5989407050880241,0.5488082932240271,15.143868602129515,11.947175147145838,0.00861241489179713,1,-40.2496249485392,86.4992498970784,87.40700517606054,1834.6940499085133,8,10
Mid channel,FL,BB,Fall,T2,DIC_umol_kg,0.5304235325571893,0.15345822419690278,3.4564685948444254,0.008612414891797204,0.5989407050880241,0.5488082932240271,15.143868602129515,11.947175147145838,0.00861241489179713,1,-40.2496249485392,86.4992498970784,87.40700517606054,1834.6940499085133,8,10
Mid channel,FL,UK,Winter,T1,(Intercept),1524.6858366927115,391.6225059165277,3.893253869882775,0.011487154874006106,0.4884062893052968,0.38608754716635607,15.903063664573931,4.773380507767387,0.0806227746837847,1,-28.120499322060212,62.240998644120424,62.07872909128636,1264.5371695974584,5,7
Mid channel,FL,UK,Winter,T1,DIC_umol_kg,0.42017692573783494,0.19231766238803794,2.18480674380311,0.08062277468378094,0.4884062893052968,0.38608754716635607,15.903063664573931,4.773380507767387,0.0806227746837847,1,-28.120499322060212,62.240998644120424,62.07872909128636,1264.5371695974584,5,7
Mid channel,FL,UK,Winter,T2,(Intercept),716.6752285665424,132.10523749070563,5.425032664711455,0.0016250745425330955,0.9643424449389582,0.9583995190954512,7.196437528466985,162.26728556483116,1.436147783125125e-5,1,-25.989468902720326,57.97893780544065,58.21726243048016,310.7322786067681,6,8
Mid channel,FL,UK,Winter,T2,DIC_umol_kg,0.8132130966587563,0.06383941205629337,12.738417702557596,1.436147783125087e-5,0.9643424449389582,0.9583995190954512,7.196437528466985,162.26728556483116,1.436147783125125e-5,1,-25.989468902720326,57.97893780544065,58.21726243048016,310.7322786067681,6,8
Mid channel,FL,UK,Spring,T1,(Intercept),2885.4328159510005,412.5722133520678,6.993764297666652,2.127307280916016e-4,0.17629203588576964,0.05861946958373676,12.580224468627845,1.498157484160554,0.2605493087348363,1,-34.42866672123428,74.85733344246856,75.44900717447722,1107.8343337674391,7,9
Mid channel,FL,UK,Spring,T1,DIC_umol_kg,-0.25007543867844717,0.2043112614576137,-1.223992436316721,0.260549308734838,0.17629203588576964,0.05861946958373676,12.580224468627845,1.498157484160554,0.2605493087348363,1,-34.42866672123428,74.85733344246856,75.44900717447722,1107.8343337674391,7,9
Mid channel,FL,UK,Spring,T2,(Intercept),2087.4023611587286,354.3870048418405,5.89017749702847,0.0010624722481047029,0.10201194701058462,-0.04765272848765134,14.602887981655458,0.6816033688041976,0.4406189379639588,1,-31.650534504756465,69.30106900951293,69.53939363455244,1279.4660244286645,6,8
Mid channel,FL,UK,Spring,T2,DIC_umol_kg,0.1450442282217008,0.17568496132606887,0.8255927378581978,0.44061893796396,0.10201194701058462,-0.04765272848765134,14.602887981655458,0.6816033688041976,0.4406189379639588,1,-31.650534504756465,69.30106900951293,69.53939363455244,1279.4660244286645,6,8
Mid channel,FL,UK,Summer,T1,(Intercept),1952.5546456443876,453.61212031528163,4.304458717477106,0.005068019667101706,0.12441482699602949,-0.021516035171299075,19.874059926075443,0.8525600763831022,0.3914486981697451,1,-34.11610285666857,74.23220571333714,74.47053033837665,2369.8695476714265,6,8
Mid channel,FL,UK,Summer,T1,DIC_umol_kg,0.2047269711913568,0.22172392886455133,0.9233417982432659,0.3914486981697437,0.12441482699602949,-0.021516035171299075,19.874059926075443,0.8525600763831022,0.3914486981697451,1,-34.11610285666857,74.23220571333714,74.47053033837665,2369.8695476714265,6,8
Mid channel,FL,UK,Summer,T2,(Intercept),1798.172027990318,335.7674028767959,5.355409764568856,6.814128563276393e-4,0.2654254701520701,0.1736036539210788,22.398557186495687,2.8906580271114803,0.12751551341990058,1,-44.16363303016907,94.32726606033815,95.23502133932028,4013.5629122937403,8,10
Mid channel,FL,UK,Summer,T2,DIC_umol_kg,0.28025869711033063,0.164839291976748,1.7001935263702999,0.12751551341990075,0.2654254701520701,0.1736036539210788,22.398557186495687,2.8906580271114803,0.12751551341990058,1,-44.16363303016907,94.32726606033815,95.23502133932028,4013.5629122937403,8,10
Mid channel,FL,UK,Fall,T1,(Intercept),1601.9668619384547,465.6166148305235,3.4405277022202987,0.010829441139855601,0.28595372496521976,0.18394711424596544,16.30948550892603,2.803286208108906,0.1379833270073753,1,-36.765253716142496,79.53050743228499,80.12218116429365,1861.9952229610774,7,9
Mid channel,FL,UK,Fall,T1,DIC_umol_kg,0.3759159969885568,0.2245210616938035,1.6743017076109419,0.13798332700737478,0.28595372496521976,0.18394711424596544,16.30948550892603,2.803286208108906,0.1379833270073753,1,-36.765253716142496,79.53050743228499,80.12218116429365,1861.9952229610774,7,9
Mid channel,FL,UK,Fall,T2,(Intercept),1425.088272593318,264.46047523198666,5.388662602013477,6.548215304450724e-4,0.6207672623814819,0.5733631701791672,14.791763090510212,13.09522519136375,0.006795068957444979,1,-40.01437235448847,86.02874470897694,86.93649998795908,1750.370042606242,8,10
Mid channel,FL,UK,Fall,T2,DIC_umol_kg,0.46312443586592306,0.1279797362279962,3.6187325393519005,0.00679506895744429,0.6207672623814819,0.5733631701791672,14.791763090510212,13.09522519136375,0.006795068957444979,1,-40.01437235448847,86.02874470897694,86.93649998795908,1750.370042606242,8,10
Mid channel,FL,MK,Winter,T1,(Intercept),768.1153346010784,266.5232634937924,2.8819823250399628,0.023584708613096948,0.841233818296334,0.8185529351958103,10.210818642752898,37.089994008077646,4.958716687764655e-4,1,-32.55056215660452,71.10112431320904,71.6927980452177,729.8257214863308,7,9
Mid channel,FL,MK,Winter,T1,DIC_umol_kg,0.7907377771368903,0.1298386842835036,6.090155499498973,4.958716687764676e-4,0.841233818296334,0.8185529351958103,10.210818642752898,37.089994008077646,4.958716687764655e-4,1,-32.55056215660452,71.10112431320904,71.6927980452177,729.8257214863308,7,9
Mid channel,FL,MK,Winter,T2,(Intercept),977.2067545517593,326.9287411540636,2.989051225971153,0.024350046032508708,0.7664153536507786,0.7274845792592417,34.26910188097944,19.68661979190911,0.004390145025821202,1,-38.474733002977416,82.94946600595483,83.18779063099434,7046.228062373692,6,8
Mid channel,FL,MK,Winter,T2,DIC_umol_kg,0.6940427926920169,0.15642302191810273,4.436960648000982,0.0043901450258211055,0.7664153536507786,0.7274845792592417,34.26910188097944,19.68661979190911,0.004390145025821202,1,-38.474733002977416,82.94946600595483,83.18779063099434,7046.228062373692,6,8
Mid channel,FL,MK,Winter,T3,(Intercept),832.572292288713,148.96075953380947,5.589205471926618,0.0013946609844675067,0.9487839062190042,0.9402478905888383,12.150901939130561,111.1506758335867,4.281461835172546e-5,1,-30.180007181467637,66.36001436293527,66.59833898797478,885.866507606201,6,8
Mid channel,FL,MK,Winter,T3,DIC_umol_kg,0.7530007238723557,0.07142320587064084,10.542802086427816,4.281461835172546e-5,0.9487839062190042,0.9402478905888383,12.150901939130561,111.1506758335867,4.281461835172546e-5,1,-30.180007181467637,66.36001436293527,66.59833898797478,885.866507606201,6,8
Mid channel,FL,MK,Spring,T1,(Intercept),1223.8046585964705,370.1271948076829,3.3064435031107515,0.007926775529685922,0.49126828235687997,0.44039511059256786,19.335613385203942,9.656726036914986,0.011107347751464684,1,-51.47671684139779,108.95343368279558,110.40815363215958,3738.6594498207787,10,12
Mid channel,FL,MK,Spring,T1,DIC_umol_kg,0.572819708384069,0.18433295981784195,3.1075273187721293,0.011107347751464332,0.49126828235687997,0.44039511059256786,19.335613385203942,9.656726036914986,0.011107347751464684,1,-51.47671684139779,108.95343368279558,110.40815363215958,3738.6594498207787,10,12
Mid channel,FL,MK,Spring,T2,(Intercept),511.91245057043017,294.8286971649779,1.7363046931757065,0.11652578728382727,0.8114662787598976,0.7905180875109974,37.192446965963974,38.73681833043689,1.5437976373421216e-4,1,-54.28179776347048,114.56359552694096,115.75728134533607,12449.503001844383,9,11
Mid channel,FL,MK,Spring,T2,DIC_umol_kg,0.9262699003958513,0.14882489274824248,6.223890931759398,1.5437976373421263e-4,0.8114662787598976,0.7905180875109974,37.192446965963974,38.73681833043689,1.5437976373421216e-4,1,-54.28179776347048,114.56359552694096,115.75728134533607,12449.503001844383,9,11
Mid channel,FL,MK,Spring,T3,(Intercept),170.20679846720753,324.9716423391015,0.5237589262930212,0.6146418508938263,0.8453641319804475,0.8260346484780035,32.37659210622592,43.73443976780637,1.6707322896247713e-4,1,-47.848024533844026,101.69604906768805,102.60380434667019,8385.949731303446,8,10
Mid channel,FL,MK,Spring,T3,DIC_umol_kg,1.096084161543427,0.1657418256896875,6.613201930064328,1.6707322896247483e-4,0.8453641319804475,0.8260346484780035,32.37659210622592,43.73443976780637,1.6707322896247713e-4,1,-47.848024533844026,101.69604906768805,102.60380434667019,8385.949731303446,8,10
Mid channel,FL,MK,Summer,T1,(Intercept),536.9881257172531,398.61571053346,1.3471323671578619,0.21484896881919655,0.7158487590936451,0.6803298539803507,30.069291927439064,20.154020987142143,0.0020305698825412596,1,-47.10871206796169,100.21742413592338,101.12517941490552,7233.298536140417,8,10
Mid channel,FL,MK,Summer,T1,DIC_umol_kg,0.8959590541214933,0.1995755383094851,4.4893229987540595,0.0020305698825412596,0.7158487590936451,0.6803298539803507,30.069291927439064,20.154020987142143,0.0020305698825412596,1,-47.10871206796169,100.21742413592338,101.12517941490552,7233.298536140417,8,10
Mid channel,FL,MK,Summer,T2,(Intercept),701.1271001349072,258.9108816769502,2.707986221335114,0.026741327723108593,0.8327531461348558,0.8118472894017128,17.949750353325125,39.83348574347848,2.2995242783324492e-4,1,-41.949429644923896,89.89885928984779,90.80661456882993,2577.5483019735634,8,10
Mid channel,FL,MK,Summer,T2,DIC_umol_kg,0.8154774827969498,0.12920752797394772,6.311377483836511,2.2995242783324473e-4,0.8327531461348558,0.8118472894017128,17.949750353325125,39.83348574347848,2.2995242783324492e-4,1,-41.949429644923896,89.89885928984779,90.80661456882993,2577.5483019735634,8,10
Mid channel,FL,MK,Summer,T3,(Intercept),73.06237039356162,231.51433572886918,0.31558464906089595,0.7603933652168855,0.9199253958074185,0.9099160702833458,24.656660581035275,91.90683164364815,1.162102980811818e-5,1,-45.12413827664358,96.24827655328716,97.15603183226929,4863.607288067031,8,10
Mid channel,FL,MK,Summer,T3,DIC_umol_kg,1.1256489649951849,0.11741648605466001,9.586805080090457,1.1621029808118158e-5,0.9199253958074185,0.9099160702833458,24.656660581035275,91.90683164364815,1.162102980811818e-5,1,-45.12413827664358,96.24827655328716,97.15603183226929,4863.607288067031,8,10
Mid channel,FL,MK,Fall,T1,(Intercept),1284.0226152184896,291.0666492633574,4.41143847454919,0.001692057780362127,0.6144797471119448,0.5716441634577163,17.765401194208728,14.345077029230316,0.004299213820523979,1,-46.15441597907416,98.30883195814832,99.50251777654343,2840.4853163207367,9,11
Mid channel,FL,MK,Fall,T1,DIC_umol_kg,0.5332918128286505,0.1408035076911302,3.787489541798146,0.004299213820523972,0.6144797471119448,0.5716441634577163,17.765401194208728,14.345077029230316,0.004299213820523979,1,-46.15441597907416,98.30883195814832,99.50251777654343,2840.4853163207367,9,11
Mid channel,FL,MK,Fall,T2,(Intercept),1141.6630338994719,194.31049164820763,5.875457491849761,2.3615686331166384e-4,0.8214248658190813,0.8015831842434236,16.731555028904097,41.398954150480336,1.2034577016943475e-4,1,-45.49489609150986,96.98979218301972,98.18347800141483,2519.5044031672132,9,11
Mid channel,FL,MK,Fall,T2,DIC_umol_kg,0.6007885410903676,0.0933742133039457,6.434201904702743,1.2034577016943402e-4,0.8214248658190813,0.8015831842434236,16.731555028904097,41.398954150480336,1.2034577016943475e-4,1,-45.49489609150986,96.98979218301972,98.18347800141483,2519.5044031672132,9,11
Mid channel,FL,MK,Fall,T3,(Intercept),1250.5416840617013,286.96651515805155,4.357796530277914,0.0018293324423132584,0.6333482097333932,0.5926091219259925,16.89047601944522,15.54645044404597,0.0033910207100534178,1,-45.59888409344255,97.1977681868851,98.39145400528021,2567.5936214710864,9,11
Mid channel,FL,MK,Fall,T3,DIC_umol_kg,0.5469526423794187,0.1387184097211852,3.942898736215021,0.0033910207100533957,0.6333482097333932,0.5926091219259925,16.89047601944522,15.54645044404597,0.0033910207100534178,1,-45.59888409344255,97.1977681868851,98.39145400528021,2567.5936214710864,9,11
Mid channel,FL,LK,Winter,T1,(Intercept),767.8331014248799,705.5362347684444,1.088297189550982,0.3081600896175594,0.400054479120493,0.32506128901055464,52.865059161830835,5.3345440903903665,0.049715216232419056,1,-52.75109370842958,111.50218741685916,112.4099426958413,22357.715841470992,8,10
Mid channel,FL,LK,Winter,T1,DIC_umol_kg,0.7790026637866897,0.337279766288435,2.309663198475126,0.04971521623241932,0.400054479120493,0.32506128901055464,52.865059161830835,5.3345440903903665,0.049715216232419056,1,-52.75109370842958,111.50218741685916,112.4099426958413,22357.715841470992,8,10
Mid channel,FL,LK,Winter,T2,(Intercept),769.2823520097342,360.07351369576287,2.1364591472277086,0.06999935451263643,0.747737478162006,0.7116999750422925,27.850965762189656,20.748870299867537,0.002620164435526637,1,-41.58134065902757,89.16268131805514,89.7543550500638,5429.734057206622,7,9
Mid channel,FL,LK,Winter,T2,DIC_umol_kg,0.7836743751825227,0.1720435591097528,4.555092787185299,0.002620164435526637,0.747737478162006,0.7116999750422925,27.850965762189656,20.748870299867537,0.002620164435526637,1,-41.58134065902757,89.16268131805514,89.7543550500638,5429.734057206622,7,9
Mid channel,FL,LK,Winter,T3,(Intercept),1577.6669742835343,551.8420246465711,2.8589105284142793,0.018813786039645668,0.19225292497587995,0.10250324997319993,25.85814043488503,2.1421016284475582,0.17733656116780744,1,-50.283515120240345,106.56703024048069,107.7607160588758,6017.790840752125,9,11
Mid channel,FL,LK,Winter,T3,DIC_umol_kg,0.3893603545968662,0.26603066071859427,1.4635920293741231,0.17733656116781607,0.19225292497587995,0.10250324997319993,25.85814043488503,2.1421016284475582,0.17733656116780744,1,-50.283515120240345,106.56703024048069,107.7607160588758,6017.790840752125,9,11
Mid channel,FL,LK,Spring,T1,(Intercept),402.8349217662228,266.24597069107347,1.513017908667749,0.1645687825587681,0.8526735351451454,0.8363039279390505,24.632273466467204,52.08882072794432,4.989272200634029e-5,1,-49.74926767927044,105.49853535854088,106.69222117693599,5460.740065141418,9,11
Mid channel,FL,LK,Spring,T1,DIC_umol_kg,0.9717199718824776,0.13463837653573651,7.217258532707857,4.989272200634011e-5,0.8526735351451454,0.8363039279390505,24.632273466467204,52.08882072794432,4.989272200634029e-5,1,-49.74926767927044,105.49853535854088,106.69222117693599,5460.740065141418,9,11
Mid channel,FL,LK,Spring,T2,(Intercept),1085.268907105348,329.7590425489094,3.2910967314698656,0.008134935545568751,0.5835152370743125,0.5418667607817438,38.09503476009472,14.010482231697585,0.003827248043465609,1,-59.6143404862853,125.2286809725706,126.6834009219346,14512.31673372825,10,12
Mid channel,FL,LK,Spring,T2,DIC_umol_kg,0.6253297271437818,0.16706386824894734,3.7430578718071907,0.003827248043465447,0.5835152370743125,0.5418667607817438,38.09503476009472,14.010482231697585,0.003827248043465609,1,-59.6143404862853,125.2286809725706,126.6834009219346,14512.31673372825,10,12
Mid channel,FL,LK,Spring,T3,(Intercept),972.0388045497418,195.76285722491778,4.965389340598648,7.747808537651688e-4,0.8480332036214687,0.8311480040238541,9.215911858590166,50.22346337802681,5.748966701044572e-5,1,-38.93488197968971,83.86976395937943,85.06344977777454,764.3972824677257,9,11
Mid channel,FL,LK,Spring,T3,DIC_umol_kg,0.6832061928313682,0.09640475721932136,7.086851443202852,5.74896670104478e-5,0.8480332036214687,0.8311480040238541,9.215911858590166,50.22346337802681,5.748966701044572e-5,1,-38.93488197968971,83.86976395937943,85.06344977777454,764.3972824677257,9,11
Mid channel,FL,LK,Summer,T1,(Intercept),400.65457223318555,150.29879815135783,2.6657203993721086,0.028551072038920183,0.9512071859366286,0.9451080841787072,20.222946390453114,155.9585695879259,1.5810248730160152e-6,1,-43.14184677163874,92.28369354327748,93.19144882225962,3271.7404856891244,8,10
Mid channel,FL,LK,Summer,T1,DIC_umol_kg,0.9621592159552924,0.07704462087652722,12.488337342814136,1.5810248730160095e-6,0.9512071859366286,0.9451080841787072,20.222946390453114,155.9585695879259,1.5810248730160152e-6,1,-43.14184677163874,92.28369354327748,93.19144882225962,3271.7404856891244,8,10
Mid channel,FL,LK,Summer,T2,(Intercept),364.5685343948732,265.08526451783075,1.3752878156316788,0.21143974593706283,0.8859768543578078,0.8696878335517804,21.045235873779866,54.391044428525,1.5263427408970635e-4,1,-39.059599763622714,84.11919952724543,84.71087325925409,3100.313670881217,7,9
Mid channel,FL,LK,Summer,T2,DIC_umol_kg,0.9740407434084586,0.13207281190717032,7.375028435777381,1.5263427408970651e-4,0.8859768543578078,0.8696878335517804,21.045235873779866,54.391044428525,1.5263427408970635e-4,1,-39.059599763622714,84.11919952724543,84.71087325925409,3100.313670881217,7,9
Mid channel,FL,LK,Summer,T3,(Intercept),484.700834998361,247.7676126110144,1.9562719674718851,0.09131990325418315,0.8884056700426468,0.8724636229058821,13.165679990484179,55.72720130740618,1.4140692801435298e-4,1,-34.838052858572894,75.67610571714579,76.26777944915445,1213.3459072828482,7,9
Mid channel,FL,LK,Summer,T3,DIC_umol_kg,0.9141408169950866,0.12245583514513575,7.465065392038189,1.414069280143521e-4,0.8884056700426468,0.8724636229058821,13.165679990484179,55.72720130740618,1.4140692801435298e-4,1,-34.838052858572894,75.67610571714579,76.26777944915445,1213.3459072828482,7,9
Mid channel,FL,LK,Fall,T1,(Intercept),598.9848563344425,424.17011253582746,1.412133572432804,0.18826450581169443,0.6351543173098969,0.5986697490408865,22.695085579807404,17.40884838287621,0.0019106852415000997,1,-53.39911393890203,112.79822787780407,114.25294782716807,5150.66909474782,10,12
Mid channel,FL,LK,Fall,T1,DIC_umol_kg,0.860950771575969,0.206344690345802,4.172391206835261,0.0019106852415001015,0.6351543173098969,0.5986697490408865,22.695085579807404,17.40884838287621,0.0019106852415000997,1,-53.39911393890203,112.79822787780407,114.25294782716807,5150.66909474782,10,12
Mid channel,FL,LK,Fall,T2,(Intercept),1583.912682324672,515.7853183621036,3.0708758584956404,0.011823149764702588,0.18821995504933767,0.10704195055427135,19.869634052773915,2.318607807867181,0.1588097747720081,1,-51.8036447295546,109.6072894591092,111.0620094084732,3948.023573911527,10,12
Mid channel,FL,LK,Fall,T2,DIC_umol_kg,0.3823550843510565,0.25110376389262257,1.5226975431342393,0.1588097747720189,0.18821995504933767,0.10704195055427135,19.869634052773915,2.318607807867181,0.1588097747720081,1,-51.8036447295546,109.6072894591092,111.0620094084732,3948.023573911527,10,12
Mid channel,FL,LK,Fall,T3,(Intercept),1613.750869480171,454.73203024849477,3.548795251124743,0.005278826649412292,0.21621104406449942,0.13783214847094927,16.766384848860255,2.7585364966828116,0.12772089396581096,1,-49.7658448186194,105.5316896372388,106.9864095866028,2811.116609000908,10,12
Mid channel,FL,LK,Fall,T3,DIC_umol_kg,0.36801823177121984,0.22157969855639273,1.660884251440382,0.1277208939658191,0.21621104406449942,0.13783214847094927,16.766384848860255,2.7585364966828116,0.12772089396581096,1,-49.7658448186194,105.5316896372388,106.9864095866028,2811.116609000908,10,12
Offshore,FL,BB,Winter,T1,(Intercept),763.1505276017812,324.0434398192199,2.3550871081591223,0.05070648584260956,0.7809257709793482,0.7496294525478266,7.85715956100314,24.952640122449658,0.0015736566544683817,1,-30.19235833066474,66.38471666132948,66.97639039333814,432.1446945694414,7,9
Offshore,FL,BB,Winter,T1,DIC_umol_kg,0.7886548959795362,0.1578805941991565,4.995261767159916,0.0015736566544683908,0.7809257709793482,0.7496294525478266,7.85715956100314,24.952640122449658,0.0015736566544683817,1,-30.19235833066474,66.38471666132948,66.97639039333814,432.1446945694414,7,9
Offshore,FL,BB,Winter,T2,(Intercept),974.2272195071534,431.41710064100124,2.258202602677647,0.06470772556962635,0.640222661556409,0.5802597718158105,9.999842821990455,10.676981451795168,0.017086207125944993,1,-28.621334976386784,63.24266995277357,63.48099457781308,599.9811387870842,6,8
Offshore,FL,BB,Winter,T2,DIC_umol_kg,0.6872257670813331,0.21031739337454616,3.2675650646614813,0.017086207125941652,0.640222661556409,0.5802597718158105,9.999842821990455,10.676981451795168,0.017086207125944993,1,-28.621334976386784,63.24266995277357,63.48099457781308,599.9811387870842,6,8
Offshore,FL,BB,Spring,T1,(Intercept),1428.305728308155,339.72462529236475,4.204304374694548,0.0018162516146650641,0.43964151820886394,0.3836056700297503,9.409190137925501,7.845718990521726,0.018761655767249696,1,-42.83357568862625,91.6671513772525,93.1218713266165,885.3285905163451,10,12
Offshore,FL,BB,Spring,T1,DIC_umol_kg,0.4648942149084752,0.16597312358450728,2.8010210621346086,0.01876165576724989,0.43964151820886394,0.3836056700297503,9.409190137925501,7.845718990521726,0.018761655767249696,1,-42.83357568862625,91.6671513772525,93.1218713266165,885.3285905163451,10,12
Offshore,FL,BB,Spring,T2,(Intercept),1224.7831036866228,626.1256274592511,1.9561299681290125,0.09133900933447477,0.327918426041699,0.23190677261908454,7.963117839130467,3.4154023428624933,0.10706819776343891,1,-30.312917375072708,66.62583475014542,67.21750848215407,443.87872003914515,7,9
Offshore,FL,BB,Spring,T2,DIC_umol_kg,0.563903792789502,0.3051294172819194,1.8480807187085873,0.10706819776344086,0.327918426041699,0.23190677261908454,7.963117839130467,3.4154023428624933,0.10706819776343891,1,-30.312917375072708,66.62583475014542,67.21750848215407,443.87872003914515,7,9
Offshore,FL,BB,Summer,T1,(Intercept),979.8498771018742,629.5009529169643,1.5565502682108308,0.15818984051745094,0.38093511326258894,0.30355200242041247,20.11656156061466,4.9227164573353726,0.057296433005659314,1,-43.089101915848914,92.17820383169783,93.08595911067997,3237.4083921759943,8,10
Offshore,FL,BB,Summer,T1,DIC_umol_kg,0.6821511853612497,0.307452640541116,2.2187195535568183,0.0572964330056594,0.38093511326258894,0.30355200242041247,20.11656156061466,4.9227164573353726,0.057296433005659314,1,-43.089101915848914,92.17820383169783,93.08595911067997,3237.4083921759943,8,10
Offshore,FL,BB,Summer,T2,(Intercept),1368.140963248945,638.8158314821746,2.1416829324260744,0.06460684682888689,0.23512053326668114,0.13951059992501624,21.973052563882614,2.459164283971113,0.15547803765113596,1,-43.97183576663114,93.94367153326228,94.85142681224441,3862.520311801187,8,10
Offshore,FL,BB,Summer,T2,DIC_umol_kg,0.49052459050096336,0.31280019314950086,1.5681722749657008,0.15547803765113682,0.23512053326668114,0.13951059992501624,21.973052563882614,2.459164283971113,0.15547803765113596,1,-43.97183576663114,93.94367153326228,94.85142681224441,3862.520311801187,8,10
Offshore,FL,BB,Fall,T1,(Intercept),1653.0727597438772,163.4279511384474,10.114994089006736,1.4312605375324098e-6,0.6634798838741028,0.6298278722615132,7.303152093866608,19.715905590199114,0.0012539745493185769,1,-39.793005641356004,85.58601128271201,87.04073123207601,533.3603050614821,10,12
Offshore,FL,BB,Fall,T1,DIC_umol_kg,0.35316960289718075,0.07953805233277025,4.440259630944877,0.0012539745493186589,0.6634798838741028,0.6298278722615132,7.303152093866608,19.715905590199114,0.0012539745493185769,1,-39.793005641356004,85.58601128271201,87.04073123207601,533.3603050614821,10,12
Offshore,FL,BB,Fall,T2,(Intercept),1734.7283727865802,282.286417099641,6.145277518522113,2.7541794997247056e-4,0.39731621839319947,0.32198074569234947,10.046284788855148,5.273959320211663,0.05074652253637623,1,-36.145696509561056,78.29139301912211,79.19914829810425,807.4227044702586,8,10
Offshore,FL,BB,Fall,T2,DIC_umol_kg,0.31557776527504905,0.13741622338445503,2.296510248226981,0.050746522536378215,0.39731621839319947,0.32198074569234947,10.046284788855148,5.273959320211663,0.05074652253637623,1,-36.145696509561056,78.29139301912211,79.19914829810425,807.4227044702586,8,10
Offshore,FL,UK,Winter,T1,(Intercept),1034.646015497349,240.64120186071457,4.2995380986179255,8.6401120920661e-4,0.7078885367514166,0.6854184241938333,7.4192138198607545,31.503559892605626,8.441149036749734e-5,1,-50.27191813130128,106.54383626260255,108.66798686590919,715.5815381625665,13,15
Offshore,FL,UK,Winter,T1,DIC_umol_kg,0.656734416321247,0.11700649239923223,5.612803211640897,8.441149036748787e-5,0.7078885367514166,0.6854184241938333,7.4192138198607545,31.503559892605626,8.441149036749734e-5,1,-50.27191813130128,106.54383626260255,108.66798686590919,715.5815381625665,13,15
Offshore,FL,UK,Winter,T2,(Intercept),1131.606443280995,178.55002218107305,6.337755825834614,7.222682784712375e-4,0.8916211978499776,0.8735580641583072,4.728223958690308,49.36137954075698,4.151223655330958e-4,1,-22.629177156400353,51.258354312800705,51.496678937840215,134.13661082119827,6,8
Offshore,FL,UK,Winter,T2,DIC_umol_kg,0.6111578450359816,0.08698808026101258,7.025765406043775,4.15122365532994e-4,0.8916211978499776,0.8735580641583072,4.728223958690308,49.36137954075698,4.151223655330958e-4,1,-22.629177156400353,51.258354312800705,51.496678937840215,134.13661082119827,6,8
Offshore,FL,UK,Spring,T1,(Intercept),1097.9928390423215,539.8090078662137,2.034039489971698,0.058873804467854195,0.26063375790380605,0.21442336777279392,12.423356811895038,5.640154890813027,0.03039831566781225,1,-69.83325594133073,145.66651188266147,148.33762715634995,2469.436711610542,16,18
Offshore,FL,UK,Spring,T1,DIC_umol_kg,0.6264032112663754,0.26375971208534427,2.3749010275826024,0.030398315667813824,0.26063375790380605,0.21442336777279392,12.423356811895038,5.640154890813027,0.03039831566781225,1,-69.83325594133073,145.66651188266147,148.33762715634995,2469.436711610542,16,18
Offshore,FL,UK,Spring,T2,(Intercept),1750.7306020257004,234.8506668819383,7.454654590807738,1.4265629097250888e-4,0.509574468101469,0.4395136778302503,5.002491345613119,7.273318872493571,0.03077638060221796,1,-26.128956388734938,58.257912777469876,58.849586509478534,175.17443764053903,7,9
Offshore,FL,UK,Spring,T2,DIC_umol_kg,0.309561169820578,0.11478368552167817,2.6969091331547634,0.030776380602217917,0.509574468101469,0.4395136778302503,5.002491345613119,7.273318872493571,0.03077638060221796,1,-26.128956388734938,58.257912777469876,58.849586509478534,175.17443764053903,7,9
Offshore,FL,UK,Summer,T1,(Intercept),1544.8143887726972,276.03237874380847,5.596497033438502,4.014413108905291e-5,0.36122407120199296,0.32130057565211756,13.73169582160573,9.04790690862038,0.008339595417142898,1,-71.63556731394831,149.27113462789663,151.94224990158511,3016.951522193668,16,18
Offshore,FL,UK,Summer,T1,DIC_umol_kg,0.40686534330620194,0.13526225908422113,3.0079738876227626,0.008339595417142845,0.36122407120199296,0.32130057565211756,13.73169582160573,9.04790690862038,0.008339595417142898,1,-71.63556731394831,149.27113462789663,151.94224990158511,3016.951522193668,16,18
Offshore,FL,UK,Summer,T2,(Intercept),1188.1733752207153,404.04648542688034,2.9406848421547207,0.01869005292345101,0.515469420189656,0.454903097713363,15.671881520985043,8.510825804083154,0.01937027446275495,1,-40.59234878244503,87.18469756489006,88.0924528438722,1964.8629632623397,8,10
Offshore,FL,UK,Summer,T2,DIC_umol_kg,0.5806633997545706,0.19903919278893825,2.917331966726311,0.0193702744627547,0.515469420189656,0.454903097713363,15.671881520985043,8.510825804083154,0.01937027446275495,1,-40.59234878244503,87.18469756489006,88.0924528438722,1964.8629632623397,8,10
Offshore,FL,UK,Fall,T1,(Intercept),1745.6879230196425,233.31074707403047,7.482243938234566,8.965752946789817e-7,0.30214854380809447,0.26109845814974697,12.657579802493817,7.360485099174299,0.0147678871467621,1,-74.13005695977182,154.26011391954364,157.09343085704296,2723.6435497604903,17,19
Offshore,FL,UK,Fall,T1,DIC_umol_kg,0.30793379607031146,0.11350216273274406,2.7130213967409813,0.014767887146761614,0.30214854380809447,0.26109845814974697,12.657579802493817,7.360485099174299,0.0147678871467621,1,-74.13005695977182,154.26011391954364,157.09343085704296,2723.6435497604903,17,19
Offshore,FL,UK,Fall,T2,(Intercept),1864.7255278986254,257.6466336140657,7.237531116714829,8.912817008158208e-5,0.3351565978413755,0.2520511725715475,9.666887500181966,4.032908763214719,0.0794983951462188,1,-35.76073143451403,77.52146286902806,78.4292181480102,747.5897115293947,8,10
Offshore,FL,UK,Fall,T2,DIC_umol_kg,0.251715536048457,0.12534321292774356,2.0082103383895475,0.07949839514622052,0.3351565978413755,0.2520511725715475,9.666887500181966,4.032908763214719,0.0794983951462188,1,-35.76073143451403,77.52146286902806,78.4292181480102,747.5897115293947,8,10
Offshore,FL,MK,Winter,T1,(Intercept),890.0580676912715,234.31358298497142,3.7985764903281716,0.008982746279825269,0.8717290163530044,0.8503505190785051,5.430557707634465,40.77597247177991,6.939380176149138e-4,1,-23.737114673910078,53.474229347820156,53.712553972859666,176.94574209568856,6,8
Offshore,FL,MK,Winter,T1,DIC_umol_kg,0.7265439032341385,0.11377836772979441,6.3856066643491065,6.939380176149227e-4,0.8717290163530044,0.8503505190785051,5.430557707634465,40.77597247177991,6.939380176149138e-4,1,-23.737114673910078,53.474229347820156,53.712553972859666,176.94574209568856,6,8
Offshore,FL,MK,Winter,T2,(Intercept),949.073032063838,407.57833237022595,2.328565963123237,0.05272511740663113,0.638430040829142,0.5867771895190195,10.784419792239243,12.36001546160583,0.009784307152517178,1,-33.042454198185695,72.08490839637139,72.67658212838005,814.1259717866905,7,9
Offshore,FL,MK,Winter,T2,DIC_umol_kg,0.6962486504533224,0.1980408854298852,3.5156813651988226,0.009784307152516384,0.638430040829142,0.5867771895190195,10.784419792239243,12.36001546160583,0.009784307152517178,1,-33.042454198185695,72.08490839637139,72.67658212838005,814.1259717866905,7,9
Offshore,FL,MK,Winter,T3,(Intercept),1395.004493951171,290.6964025108996,4.798836455841127,0.003004318962629973,0.6613129595223635,0.6048651194427573,8.655689392540914,11.715469690066806,0.0140954129113315,1,-27.466514679620694,60.93302935924139,61.1713539842809,449.5257531608717,6,8
Offshore,FL,MK,Winter,T3,DIC_umol_kg,0.4825037114795585,0.14096808691612703,3.422786830941657,0.014095412911329416,0.6613129595223635,0.6048651194427573,8.655689392540914,11.715469690066806,0.0140954129113315,1,-27.466514679620694,60.93302935924139,61.1713539842809,449.5257531608717,6,8
Offshore,FL,MK,Spring,T1,(Intercept),926.5810084775264,224.51016297465367,4.127122782330945,0.002053600025049354,0.8069588193081585,0.7876547012389743,12.099945458230387,41.802418344940364,7.204456178470852e-5,1,-45.85174439779159,97.70348879558318,99.15820874494719,1464.0868009215014,10,12
Offshore,FL,MK,Spring,T1,DIC_umol_kg,0.7144505797094469,0.11050234371480505,6.4654789725851325,7.204456178470747e-5,0.8069588193081585,0.7876547012389743,12.099945458230387,41.802418344940364,7.204456178470852e-5,1,-45.85174439779159,97.70348879558318,99.15820874494719,1464.0868009215014,10,12
Offshore,FL,MK,Spring,T2,(Intercept),441.8230314360759,238.39672169570287,1.8533100132141616,0.09683948761109576,0.87990482804849,0.8665609200538777,15.012024858956003,65.94056466844364,1.9641230797619254e-5,1,-44.302001949523806,94.60400389904761,95.79768971744272,2028.2480132932174,9,11
Offshore,FL,MK,Spring,T2,DIC_umol_kg,0.9511245024563025,0.11712808398168398,8.120379588938171,1.9641230797619186e-5,0.87990482804849,0.8665609200538777,15.012024858956003,65.94056466844364,1.9641230797619254e-5,1,-44.302001949523806,94.60400389904761,95.79768971744272,2028.2480132932174,9,11
Offshore,FL,MK,Spring,T3,(Intercept),271.1853760227531,267.5160263305197,1.0137163733424324,0.3403923830596233,0.8850460440659655,0.8706767995742113,12.877545464331476,61.59308129065817,5.0115312410848524e-5,1,-38.62851890523612,83.25703781047224,84.16479308945438,1326.6494174873935,8,10
Offshore,FL,MK,Spring,T3,DIC_umol_kg,1.0324188050396943,0.13154972391751912,7.848125973164448,5.011531241084781e-5,0.8850460440659655,0.8706767995742113,12.877545464331476,61.59308129065817,5.0115312410848524e-5,1,-38.62851890523612,83.25703781047224,84.16479308945438,1326.6494174873935,8,10
Offshore,FL,MK,Summer,T1,(Intercept),855.5840146066602,239.48773716618203,3.5725587653490796,0.007266548017408326,0.8301693416534623,0.8089405093601452,16.329764709303884,39.10574685329245,2.4479073287838303e-4,1,-41.00356255932805,88.0071251186561,88.91488039763824,2133.2897236898125,8,10
Offshore,FL,MK,Summer,T1,DIC_umol_kg,0.7425404281337196,0.11874075658387792,6.253458791204454,2.447907328783869e-4,0.8301693416534623,0.8089405093601452,16.329764709303884,39.10574685329245,2.4479073287838303e-4,1,-41.00356255932805,88.0071251186561,88.91488039763824,2133.2897236898125,8,10
Offshore,FL,MK,Summer,T2,(Intercept),573.4821991565809,422.11542759589787,1.3585909485061285,0.2113422280889471,0.6905287481600519,0.6518448416800584,19.95464819625599,17.850543313591636,0.002896056921424803,1,-43.00828866038485,92.0165773207697,92.92433259975184,3185.5038770907404,8,10
Offshore,FL,MK,Summer,T2,DIC_umol_kg,0.8802876398502685,0.20835258082919322,4.2249903329583685,0.00289605692142479,0.6905287481600519,0.6518448416800584,19.95464819625599,17.850543313591636,0.002896056921424803,1,-43.00828866038485,92.0165773207697,92.92433259975184,3185.5038770907404,8,10
Offshore,FL,MK,Summer,T3,(Intercept),979.989022588294,272.18213344334936,3.600489900606441,0.006977332419978898,0.763448260894639,0.7338792935064689,15.071451406528803,25.81923984264928,9.516408517271531e-4,1,-40.20169076532362,86.40338153064724,87.31113680962937,1817.1891799948723,8,10
Offshore,FL,MK,Summer,T3,DIC_umol_kg,0.6816963306543146,0.13415882020580136,5.0812636068846135,9.516408517270662e-4,0.763448260894639,0.7338792935064689,15.071451406528803,25.81923984264928,9.516408517271531e-4,1,-40.20169076532362,86.40338153064724,87.31113680962937,1817.1891799948723,8,10
Offshore,FL,MK,Fall,T1,(Intercept),1506.4158702962027,257.17965360096525,5.857445755151094,1.5998887513131877e-4,0.5360366565722817,0.4896403222295098,11.79648464561845,11.553426885238231,0.006782080735462167,1,-45.54695196607962,97.09390393215924,98.54862388152324,1391.5704999431189,10,12
Offshore,FL,MK,Fall,T1,DIC_umol_kg,0.4267398741025994,0.12554742642224626,3.3990332280278714,0.00678208073546327,0.5360366565722817,0.4896403222295098,11.79648464561845,11.553426885238231,0.006782080735462167,1,-45.54695196607962,97.09390393215924,98.54862388152324,1391.5704999431189,10,12
Offshore,FL,MK,Fall,T2,(Intercept),1767.5055909461096,220.6872175519171,8.009098173211145,2.1934696775426125e-5,0.4609909598983271,0.4011010665536967,9.797661708283128,7.697308079104454,0.021597499603610237,1,-39.60821635633203,85.21643271266406,86.41011853105917,863.9475745496172,9,11
Offshore,FL,MK,Fall,T2,DIC_umol_kg,0.2984790950559068,0.107583206621601,2.774402292225197,0.021597499603610383,0.4609909598983271,0.4011010665536967,9.797661708283128,7.697308079104454,0.021597499603610237,1,-39.60821635633203,85.21643271266406,86.41011853105917,863.9475745496172,9,11
Offshore,FL,MK,Fall,T3,(Intercept),1743.7734188002644,197.59695624132996,8.824900200742725,1.0023887317519038e-5,0.5323889108382347,0.48043212315359407,8.19391788541553,10.246763407885181,0.01081295325326852,1,-37.64194877565852,81.28389755131704,82.47758336971215,604.2626128163927,9,11
Offshore,FL,MK,Fall,T3,DIC_umol_kg,0.30821123671545153,0.09628421938593491,3.2010566080413656,0.010812953253268223,0.5323889108382347,0.48043212315359407,8.19391788541553,10.246763407885181,0.01081295325326852,1,-37.64194877565852,81.28389755131704,82.47758336971215,604.2626128163927,9,11
Offshore,FL,LK,Winter,T1,(Intercept),1687.1266810650477,292.47284838973354,5.768489931129859,6.852851781231725e-4,0.45203446982159257,0.37375367979610585,10.17511892928014,5.774526159922742,0.047255717750219875,1,-32.51904064835319,71.03808129670638,71.62975502871504,724.7313165749651,7,9
Offshore,FL,LK,Winter,T1,DIC_umol_kg,0.33989123056219167,0.14144310549379116,2.4030243777213425,0.04725571775021547,0.45203446982159257,0.37375367979610585,10.17511892928014,5.774526159922742,0.047255717750219875,1,-32.51904064835319,71.03808129670638,71.62975502871504,724.7313165749651,7,9
Offshore,FL,LK,Winter,T2,(Intercept),1026.226271186286,281.36564703625527,3.64730478647968,0.014789921807055822,0.8234607710766481,0.7881529252919777,5.90837900491493,23.322316974494385,0.004759325081860152,1,-21.189517500495302,48.379035000990605,48.21676544815654,174.54471232859765,5,7
Offshore,FL,LK,Winter,T2,DIC_umol_kg,0.6584969102425283,0.13635400379271898,4.829318479298594,0.004759325081859935,0.8234607710766481,0.7881529252919777,5.90837900491493,23.322316974494385,0.004759325081860152,1,-21.189517500495302,48.379035000990605,48.21676544815654,174.54471232859765,5,7
Offshore,FL,LK,Winter,T3,(Intercept),1334.7151445117386,321.7588349798171,4.148184911831438,7.562026107382021e-4,0.39829137235581136,0.3606845831280495,11.30603691955914,10.5909432986581,0.004975019098666074,1,-68.13690910394375,142.2738182078875,144.944933481576,2045.2235332229493,16,18
Offshore,FL,LK,Winter,T3,DIC_umol_kg,0.5080081434296378,0.15610016160147275,3.2543729501484706,0.004975019098666145,0.39829137235581136,0.3606845831280495,11.30603691955914,10.5909432986581,0.004975019098666074,1,-68.13690910394375,142.2738182078875,144.944933481576,2045.2235332229493,16,18
Offshore,FL,LK,Spring,T1,(Intercept),1338.2466621340056,328.3165298323431,4.076086765468037,0.002228307220991326,0.4978029407842141,0.4475832348626355,16.886928389756164,9.91250210747085,0.010360885287002911,1,-49.85181131273045,105.7036226254609,107.1583425748249,2851.683504407528,10,12
Offshore,FL,LK,Spring,T1,DIC_umol_kg,0.5049903814277789,0.1603952341376396,3.1484126329740736,0.010360885287003232,0.4978029407842141,0.4475832348626355,16.886928389756164,9.91250210747085,0.010360885287002911,1,-49.85181131273045,105.7036226254609,107.1583425748249,2851.683504407528,10,12
Offshore,FL,LK,Spring,T2,(Intercept),782.2055951733129,203.5325716142076,3.843147015584168,0.003947474025970894,0.8707126857621337,0.8563474286245929,8.386386773090285,60.61239819276899,2.7487516682815544e-5,1,-37.89734249887225,81.7946849977445,82.98837081613961,632.9833479707731,9,11
Offshore,FL,LK,Spring,T2,DIC_umol_kg,0.7791627425767946,0.10008003389346995,7.785396469851053,2.7487516682815147e-5,0.8707126857621337,0.8563474286245929,8.386386773090285,60.61239819276899,2.7487516682815544e-5,1,-37.89734249887225,81.7946849977445,82.98837081613961,632.9833479707731,9,11
Offshore,FL,LK,Spring,T3,(Intercept),1091.1927198634662,320.1014494986796,3.4088965281863475,0.00334278686310873,0.4864341275278887,0.45622437032364693,9.680721803324603,16.101888017146564,9.02011541584558e-4,1,-69.03578143172793,144.07156286345585,146.90487980095517,1593.1783687671943,17,19
Offshore,FL,LK,Spring,T3,DIC_umol_kg,0.6279793538678244,0.15649734160567533,4.012715790726575,9.020115415845953e-4,0.4864341275278887,0.45622437032364693,9.680721803324603,16.101888017146564,9.02011541584558e-4,1,-69.03578143172793,144.07156286345585,146.90487980095517,1593.1783687671943,17,19
Offshore,FL,LK,Summer,T1,(Intercept),773.5014697532082,822.5689654302066,0.9403484719954929,0.3745607948285593,0.3197587743879248,0.23472862118641546,27.548349578791438,3.760533908837515,0.08845418751961563,1,-46.23309384956077,98.46618769912153,99.37394297810367,6071.292516122387,8,10
Offshore,FL,LK,Summer,T1,DIC_umol_kg,0.7823713881268821,0.403448592855079,1.9392096093092939,0.08845418751961603,0.3197587743879248,0.23472862118641546,27.548349578791438,3.760533908837515,0.08845418751961563,1,-46.23309384956077,98.46618769912153,99.37394297810367,6071.292516122387,8,10
Offshore,FL,LK,Summer,T2,(Intercept),1066.075879091641,329.53724408882385,3.235069474588097,0.01435065291979264,0.6906552170572064,0.6464631052082359,13.716272049689726,15.628472778525879,0.005508785938803794,1,-35.20677769150883,76.41355538301767,77.00522911502632,1316.9528325876972,7,9
Offshore,FL,LK,Summer,T2,DIC_umol_kg,0.6374254238583829,0.1612393768701145,3.953286326403118,0.0055087859388038025,0.6906552170572064,0.6464631052082359,13.716272049689726,15.628472778525879,0.005508785938803794,1,-35.20677769150883,76.41355538301767,77.00522911502632,1316.9528325876972,7,9
Offshore,FL,LK,Summer,T3,(Intercept),1301.1986796876286,256.7487549520439,5.067984380024235,1.1412950845275838e-4,0.5193120295710412,0.4892690314192313,14.012733494132046,17.285625986691194,7.4144203562069e-4,1,-72.00024240438529,150.00048480877058,152.67160008245907,3141.707199641122,16,18
Offshore,FL,LK,Summer,T3,DIC_umol_kg,0.522185395624303,0.12559783852596484,4.157598584121745,7.414420356206998e-4,0.5193120295710412,0.4892690314192313,14.012733494132046,17.285625986691194,7.4144203562069e-4,1,-72.00024240438529,150.00048480877058,152.67160008245907,3141.707199641122,16,18
Offshore,FL,LK,Fall,T1,(Intercept),1797.6614402796774,183.8773326818038,9.776416777757463,1.9548534726074928e-6,0.4984100094238692,0.44825101036625614,7.418383887463859,9.936601981458818,0.010293727850725168,1,-39.980867800080475,85.96173560016095,87.41645554952495,550.324195017834,10,12
Offshore,FL,LK,Fall,T1,DIC_umol_kg,0.2827796823226855,0.08970760356914248,3.1522376150058675,0.010293727850727782,0.4984100094238692,0.44825101036625614,7.418383887463859,9.936601981458818,0.010293727850725168,1,-39.980867800080475,85.96173560016095,87.41645554952495,550.324195017834,10,12
Offshore,FL,LK,Fall,T2,(Intercept),1993.5993952099604,187.34069218256343,10.641571630722911,2.127530041224628e-6,0.3200328351202037,0.24448092791133746,7.611376533730197,4.235933240380818,0.06968985718773198,1,-36.830719484265856,79.66143896853171,80.85512478692682,521.3974746439684,9,11
Offshore,FL,LK,Fall,T2,DIC_umol_kg,0.18812350872731395,0.09140469773375104,2.058138294765671,0.069689857187728535,0.3200328351202037,0.24448092791133746,7.611376533730197,4.235933240380818,0.06968985718773198,1,-36.830719484265856,79.66143896853171,80.85512478692682,521.3974746439684,9,11
Offshore,FL,LK,Fall,T3,(Intercept),1852.681468386645,162.3318311487952,11.412927799036876,3.2812856608283365e-10,0.3417824406089737,0.3088715626394224,8.230217022369246,10.385090331688689,0.004270123945211689,1,-76.54010820086422,159.08021640172845,162.3533437618034,1354.7294447059298,20,22
Offshore,FL,LK,Fall,T3,DIC_umol_kg,0.25482781798121273,0.07907545440657757,3.2225906242786753,0.004270123945211485,0.3417824406089737,0.3088715626394224,8.230217022369246,10.385090331688689,0.004270123945211689,1,-76.54010820086422,159.08021640172845,162.3533437618034,1354.7294447059298,20,22
Oceanic,FL,UK,Winter,T1,(Intercept),868.0222355562537,201.57699733938446,4.3061571856575025,0.00505861768560909,0.903454415343848,0.8873634845678227,4.810521603816682,56.14680890243772,2.9203460118347327e-4,1,-22.76722413407218,51.53444826814436,51.77277289318387,138.8467086047221,6,8
Oceanic,FL,UK,Winter,T1,DIC_umol_kg,0.7378593838379965,0.09847161614479091,7.493117435516253,2.9203460118347403e-4,0.903454415343848,0.8873634845678227,4.810521603816682,56.14680890243772,2.9203460118347327e-4,1,-22.76722413407218,51.53444826814436,51.77277289318387,138.8467086047221,6,8
Oceanic,FL,UK,Spring,T1,(Intercept),2040.6445737396818,418.81653660480833,4.872406878397012,0.0018092649385798242,0.08774304335696158,-0.04257937902061526,5.8448376238896795,0.6732766453860707,0.4389561972402568,1,-27.529561199325887,61.05912239865177,61.65079613066043,239.13488794745453,7,9
Oceanic,FL,UK,Spring,T1,DIC_umol_kg,0.16832705266390113,0.20514320872943845,0.8205343657557106,0.4389561972402387,0.08774304335696158,-0.04257937902061526,5.8448376238896795,0.6732766453860707,0.4389561972402568,1,-27.529561199325887,61.05912239865177,61.65079613066043,239.13488794745453,7,9
Oceanic,FL,UK,Summer,T1,(Intercept),1571.3825103299455,532.5144118260529,2.9508732072461568,0.02558395942250967,0.2753372554611053,0.15456013137128954,18.65440074916767,2.2797136257057344,0.181817275436971,1,-33.60943664268836,73.21887328537672,73.45719791041623,2087.920003863284,6,8
Oceanic,FL,UK,Summer,T1,DIC_umol_kg,0.39461162988869836,0.2613543500602385,1.5098720560715593,0.18181727543696902,0.2753372554611053,0.15456013137128954,18.65440074916767,2.2797136257057344,0.181817275436971,1,-33.60943664268836,73.21887328537672,73.45719791041623,2087.920003863284,6,8
Oceanic,FL,UK,Fall,T1,(Intercept),1882.9925855659928,283.57535217016743,6.640184244348746,2.9317317442834745e-4,0.3060887082784814,0.20695852374683588,10.377915855853177,3.087744764368598,0.12230155139248425,1,-32.69665252837934,71.39330505675868,71.98497878876734,753.9079625781812,7,9
Oceanic,FL,UK,Fall,T1,DIC_umol_kg,0.24268702931526143,0.1381102363853241,1.7571979866732736,0.12230155139248391,0.3060887082784814,0.20695852374683588,10.377915855853177,3.087744764368598,0.12230155139248425,1,-32.69665252837934,71.39330505675868,71.98497878876734,753.9079625781812,7,9
Oceanic,FL,MK,Winter,T1,(Intercept),916.8524029018693,78.70031598021151,11.64992022563675,2.410032425842064e-5,0.9828798144624296,0.9800264502061679,2.125894911747667,344.46349158032933,1.5782780300058114e-6,1,-16.234322765142487,38.468645530284974,38.706970155324484,27.11657505476772,6,8
Oceanic,FL,MK,Winter,T1,DIC_umol_kg,0.7133106461163843,0.03843324958154414,18.559727680662213,1.5782780300056793e-6,0.9828798144624296,0.9800264502061679,2.125894911747667,344.46349158032933,1.5782780300058114e-6,1,-16.234322765142487,38.468645530284974,38.706970155324484,27.11657505476772,6,8
Oceanic,FL,MK,Winter,T3,(Intercept),1621.6909251573254,190.35134817276105,8.519461200167042,1.4328226485374907e-4,0.7276703610127114,0.6822820878481632,4.54945842991161,16.032122622833796,0.007086516333969118,1,-22.320845571715083,50.641691143430165,50.880015768469676,124.1854320329629,6,8
Oceanic,FL,MK,Winter,T3,DIC_umol_kg,0.37140641393948576,0.09275853618989235,4.004013314517537,0.007086516333969207,0.7276703610127114,0.6822820878481632,4.54945842991161,16.032122622833796,0.007086516333969118,1,-22.320845571715083,50.641691143430165,50.880015768469676,124.1854320329629,6,8
Oceanic,FL,MK,Spring,T1,(Intercept),1262.0588554868245,392.10956652990524,3.218638266482005,0.012264229759518486,0.5054806402622258,0.44366572029500406,10.502152915502094,8.177324188565867,0.021164346518691576,1,-36.589470332649334,79.17894066529867,80.0866959442808,882.361726884713,8,10
Oceanic,FL,MK,Spring,T1,DIC_umol_kg,0.5485284722407043,0.1918198590037706,2.8596021031895447,0.021164346518690445,0.5054806402622258,0.44366572029500406,10.502152915502094,8.177324188565867,0.021164346518691576,1,-36.589470332649334,79.17894066529867,80.0866959442808,882.361726884713,8,10
Oceanic,FL,MK,Spring,T3,(Intercept),1844.3790284615463,228.97066079389154,8.055088901201051,1.9585845213307938e-4,0.482829211957444,0.396634080617018,4.036332407379234,5.6015833429213,0.05576634764766421,1,-21.363471653424888,48.726943306849776,48.96526793188929,97.75187581715907,6,8
Oceanic,FL,MK,Spring,T3,DIC_umol_kg,0.26380591965587424,0.11146259136771991,2.3667664318476778,0.055766347647669245,0.482829211957444,0.396634080617018,4.036332407379234,5.6015833429213,0.05576634764766421,1,-21.363471653424888,48.726943306849776,48.96526793188929,97.75187581715907,6,8
Oceanic,FL,MK,Summer,T1,(Intercept),1570.1730485714731,388.24621965276384,4.044271313126475,0.0037136396130090167,0.35385140604717824,0.2730828318030756,14.016959177340215,4.381053019182328,0.06968172095380581,1,-39.47634723856424,84.95269447712847,85.86044975611061,1571.8011566337766,8,10
Oceanic,FL,MK,Summer,T1,DIC_umol_kg,0.39761478354126145,0.1899648586575165,2.093096514540684,0.06968172095380504,0.35385140604717824,0.2730828318030756,14.016959177340215,4.381053019182328,0.06968172095380581,1,-39.47634723856424,84.95269447712847,85.86044975611061,1571.8011566337766,8,10
Oceanic,FL,MK,Summer,T3,(Intercept),1352.4237673216458,319.66474839647833,4.230756672750924,0.0028733972046793687,0.5633754646283433,0.5087973977068863,11.908891697644442,10.322378501222719,0.01237132386822544,1,-37.84652080131729,81.69304160263458,82.60079688161672,1134.573611729798,8,10
Oceanic,FL,MK,Summer,T3,DIC_umol_kg,0.5033963020290689,0.15668236959548218,3.212845857059236,0.012371323868225495,0.5633754646283433,0.5087973977068863,11.908891697644442,10.322378501222719,0.01237132386822544,1,-37.84652080131729,81.69304160263458,82.60079688161672,1134.573611729798,8,10
Oceanic,FL,MK,Fall,T1,(Intercept),1594.3083887792054,457.8971228247749,3.4818047751510006,0.008297614550380913,0.2702304275896394,0.17900923103834443,13.216962012093665,2.96236442631713,0.12352953870409901,1,-38.888677631489976,83.77735526297995,84.68511054196209,1397.504678633016,8,10
Oceanic,FL,MK,Fall,T1,DIC_umol_kg,0.3848635407769521,0.2236080988414277,1.7211520636820903,0.12352953870409968,0.2702304275896394,0.17900923103834443,13.216962012093665,2.96236442631713,0.12352953870409901,1,-38.888677631489976,83.77735526297995,84.68511054196209,1397.504678633016,8,10
Oceanic,FL,MK,Fall,T3,(Intercept),1846.8163530672637,140.95342455536385,13.102316306915048,3.630127261451345e-7,0.6120095916838673,0.5688995463154081,5.955282922888926,14.196449724259276,0.0044313235581051125,1,-34.13170087022483,74.26340174044967,75.45708755884478,319.18855222487224,9,11
Oceanic,FL,MK,Fall,T3,DIC_umol_kg,0.2591861053357029,0.06878945068522105,3.767817634156327,0.004431323558105017,0.6120095916838673,0.5688995463154081,5.955282922888926,14.196449724259276,0.0044313235581051125,1,-34.13170087022483,74.26340174044967,75.45708755884478,319.18855222487224,9,11
Oceanic,FL,LK,Winter,T2,(Intercept),1582.8123680901601,545.6149540944799,2.9009695504351534,0.027299928641853537,0.262818226813547,0.13995459794913823,12.293497670891902,2.1391051952697144,0.19390693974304957,1,-30.273343799459,66.546687598918,66.78501222395751,906.7805099053477,6,8
Oceanic,FL,LK,Winter,T2,DIC_umol_kg,0.3894455625451267,0.2662751809455336,1.4625680138953225,0.19390693974305026,0.262818226813547,0.13995459794913823,12.293497670891902,2.1391051952697144,0.19390693974304957,1,-30.273343799459,66.546687598918,66.78501222395751,906.7805099053477,6,8
Oceanic,FL,LK,Winter,T3,(Intercept),1371.7976204547494,420.42963724569285,3.2628470947995782,0.00979405354836845,0.3918586332795707,0.32428737031063415,11.678517752434518,5.799190603551592,0.039368211103925514,1,-41.53989675069596,89.07979350139192,90.27347931978703,1227.4899920453538,9,11
Oceanic,FL,LK,Winter,T3,DIC_umol_kg,0.4924179621319228,0.20447969795162857,2.4081508681043164,0.039368211103925764,0.3918586332795707,0.32428737031063415,11.678517752434518,5.799190603551592,0.039368211103925514,1,-41.53989675069596,89.07979350139192,90.27347931978703,1227.4899920453538,9,11
Oceanic,FL,LK,Spring,T2,(Intercept),1568.2082151568159,448.9491605654204,3.493064143792509,0.0067972895369846605,0.26716531048752423,0.1857392338750269,9.968112997589591,3.281078023185997,0.10350913602980216,1,-39.79793931837582,85.59587863675164,86.78956445514675,894.2694905944307,9,11
Oceanic,FL,LK,Spring,T2,DIC_umol_kg,0.3973811137595987,0.21938096560176373,1.8113746225411087,0.10350913602980456,0.26716531048752423,0.1857392338750269,9.968112997589591,3.281078023185997,0.10350913602980216,1,-39.79793931837582,85.59587863675164,86.78956445514675,894.2694905944307,9,11
Oceanic,FL,LK,Spring,T3,(Intercept),1203.3955013948905,222.78703591075333,5.401550841930322,4.321291027559018e-4,0.7561521864949086,0.7290579849943428,6.882653669716749,27.908266146139066,5.05207454892411e-4,1,-35.7236821794642,77.4473643589284,78.6410501773235,426.3382938353889,9,11
Oceanic,FL,LK,Spring,T3,DIC_umol_kg,0.5742198820597062,0.10869555831936364,5.282827476469307,5.052074548924113e-4,0.7561521864949086,0.7290579849943428,6.882653669716749,27.908266146139066,5.05207454892411e-4,1,-35.7236821794642,77.4473643589284,78.6410501773235,426.3382938353889,9,11
Oceanic,FL,LK,Summer,T2,(Intercept),1370.3742336461244,250.728130453297,5.465578318510149,9.402718156794925e-4,0.6983186125230122,0.6552212714548711,8.982905368237459,16.20328760929594,0.005025481575012787,1,-31.397442180452497,68.794884360905,69.38655809291365,564.8481219829654,7,9
Oceanic,FL,LK,Summer,T2,DIC_umol_kg,0.49365217866794675,0.12263642664412235,4.025330745329624,0.005025481575012779,0.6983186125230122,0.6552212714548711,8.982905368237459,16.20328760929594,0.005025481575012787,1,-31.397442180452497,68.794884360905,69.38655809291365,564.8481219829654,7,9
Oceanic,FL,LK,Summer,T3,(Intercept),1665.8099416125892,310.16017384480506,5.370805416320508,0.0017104910486768227,0.46998262935692087,0.38164640091640767,10.57267307145808,5.320383693689317,0.06055061420416646,1,-29.066961257396777,64.13392251479355,64.37224713983306,670.688495255609,6,8
Oceanic,FL,LK,Summer,T3,DIC_umol_kg,0.34992197351371834,0.15170494529495607,2.306595693590436,0.06055061420415521,0.46998262935692087,0.38164640091640767,10.57267307145808,5.320383693689317,0.06055061420416646,1,-29.066961257396777,64.13392251479355,64.37224713983306,670.688495255609,6,8
Oceanic,FL,LK,Fall,T2,(Intercept),1920.8547170476995,167.5030336111564,11.467581664859845,1.1322910637973657e-6,0.45595938976519934,0.3955104330724437,5.9705911160923195,7.542882701561048,0.02260843576260634,1,-34.159940346370604,74.31988069274121,75.51356651113632,320.8316244800448,9,11
Oceanic,FL,LK,Fall,T2,DIC_umol_kg,0.22413530837871778,0.0816096659065005,2.746430902382418,0.022608435762605954,0.45595938976519934,0.3955104330724437,5.9705911160923195,7.542882701561048,0.02260843576260634,1,-34.159940346370604,74.31988069274121,75.51356651113632,320.8316244800448,9,11
Oceanic,FL,LK,Fall,T3,(Intercept),1854.414607076877,254.56461652942818,7.284651859157743,8.514281431744666e-5,0.34615083563756394,0.2644196900922595,8.627437222720461,4.2352377827090235,0.07359175038318874,1,-34.623142570950584,75.24628514190117,76.1540404208833,595.4613842558604,8,10
Oceanic,FL,LK,Fall,T3,DIC_umol_kg,0.2560271744099533,0.12440767220807207,2.0579693347348176,0.07359175038319307,0.34615083563756394,0.2644196900922595,8.627437222720461,4.2352377827090235,0.07359175038318874,1,-34.623142570950584,75.24628514190117,76.1540404208833,595.4613842558604,8,10
