"CTDID","Region","Year","Mission","Location","Latitude","Longitude","UTCDate","UTCTime","Sample_Depth_m","DIC_umol_kg","TA_umol_kg","pH_measured","pH_calculated","pCO2_uatm","Aragonite_Sat_W","Salinity_Bottle","Conductivity_Sm","Salinity_CTD","Temperature_C","Pressure_db","Density_Sigmat","SiteID","Survey_design","Sample_frequency","bottle_id","legacy_flag","source_code","sample_num","bottle_name","deployment_id","project_code","calc_project_type","calc_project_class","calc_project_region","calc_ncrmp_flag","collection_id","collected_date","collected_time","collected_timezone","density_id","dic_id","calc_avg_dic","dic_temp","dic_machine","dic_kg_flag","calibration_dic_id","calc_avg_crm_init_dic","crm_init_dic_temp","calibration_dic_kg_flag","dic_crm_id","dic_crm_batch","dic_crm_dic","dic_crm_salinity","ta_id","calc_avg_ta","calc_avg_ta_temp","ta_machine","ta_kg_flag","calibration_ta_id","calc_avg_crm_ta","calc_avg_crm_ta_temp","calibration_ta_kg_flag","ta_crm_id","ta_crm_batch","ta_crm_ta","ta_crm_salinity","spec_ph_id","spec_ph_temp","rm_factor","seacarb_id"
"WS22022_1","FL","2022","WaltonSmith","Upper_Keys","25.645096","-80.1276448333333","2022-1-22","15:07:00","0","2165.805963332592773354","2463.587230835364077362","8.004882544271771","8.07270856148044","401.821618665522","3.44731930402008","33.83193961309623",,"33.649","22.33","0",,"1","Permanent","Single","17105","0","O","7088","1R","662","Walton Smith-Jan 2022","WS_FL","WS","FL","1","16226","2022-1-22","15:07:00","+00:00","9797","22811","2216.475616298965","25","UNSPECIFIED","0","1030","2098.7","25","0","9","191","2051.4","33.316","15150","2511.35","24.8","AS2","0","1360","2266.6","25.45","0","9","191","2225.5","33.316","3115","24.818","2.0038","9822"
"WS22022_2","FL","2022","WaltonSmith","Upper_Keys","25.6407355","-80.104398","2022-1-22","15:21:00","0","2098.891021012649834728","2416.114484248097468393","8.035947139277138","8.10026170064705","360.453294331808","3.56513148661658","35.10354504614412",,"34.421","22.035","0",,"2","Permanent","Single","17106","0","O","7089","2R","662","Walton Smith-Jan 2022","WS_FL","WS","FL","1","16227","2022-1-22","15:21:00","+00:00","9798","22812","2150.076134312785","25","UNSPECIFIED","0","1030","2098.7","25","0","9","191","2051.4","33.316","15151","2465.05","24.9","AS2","0","1360","2266.6","25.45","0","9","191","2225.5","33.316","3116","24.944","2.1483","9823"
"WS22022_3","FL","2022","WaltonSmith","Upper_Keys","25.6445398333333","-80.0841821666667","2022-1-22","15:36:00","0","2091.912576106341216621","2407.894782324312443548","8.048272295421112","8.07730652912674","381.731305131329","3.57231497438633","35.20810481403552",,"35.11","23.41","0",,"3","Permanent","Single","17107","0","O","7090","3R","662","Walton Smith-Jan 2022","WS_FL","WS","FL","1","16228","2022-1-22","15:36:00","+00:00","9799","22813","2143.09972552078","25","UNSPECIFIED","0","1030","2098.7","25","0","9","191","2051.4","33.316","15152","2456.9","24.8","AS2","0","1360","2266.6","25.45","0","9","191","2225.5","33.316","3117","24.972","2.2044","9824"
"WS22022_4","FL","2022","WaltonSmith","Upper_Keys","25.335446","-80.2234916666667","2022-1-22","18:06:00","0","2115.68419080050153638","2416.444400908607730803","8.015213032052083","8.03944303799197","423.157516606692","3.38621233888787","36.10050725728569",,"36.023","23.453","0",,"EK_IN","Permanent","Single","17108","0","O","7091","4R","662","Walton Smith-Jan 2022","WS_FL","WS","FL","1","16229","2022-1-22","18:06:00","+00:00","9800","22814","2168.85877929459","25","UNSPECIFIED","0","1030","2098.7","25","0","9","191","2051.4","33.316","15153","2467.35","24.7","AS2","0","1360","2266.6","25.45","0","9","191","2225.5","33.316","3118","24.831","2.0588","9825"
"WS22022_5","FL","2022","WaltonSmith","Upper_Keys","25.3151621666667","-80.1954051666667","2022-1-22","18:23:00","0","2061.232714165420874435","2394.302867504413562291","8.062944378665069","8.07251128523956","379.656779468554","3.71942997045589","36.32023673131763",,"36.231","24.764","0",,"EK_MID","Permanent","Single","17109","0","O","7092","5R","662","Walton Smith-Jan 2022","WS_FL","WS","FL","1","16230","2022-1-22","18:23:00","+00:00","9801","22815","2113.43380251409","25","UNSPECIFIED","0","1030","2098.7","25","0","9","191","2051.4","33.316","15154","2444.85","25","AS2","0","1360","2266.6","25.45","0","9","191","2225.5","33.316","3119","24.792","2.2654","9826"
"WS22022_6","FL","2022","WaltonSmith","Upper_Keys","25.2949553333333","-80.1635271666667","2022-1-22","18:40:00","0","2061.386730471513491024","2393.330642604113221944","8.061166765915525","8.06796862085859","384.194004798402","3.71039061644586","36.34058100310782",,"36.221","24.941","0",,"EK_OFF","Permanent","Single","17110","0","O","7093","6R","662","Walton Smith-Jan 2022","WS_FL","WS","FL","1","16231","2022-1-22","18:40:00","+00:00","9802","22816","2113.623317685095","25","UNSPECIFIED","0","1030","2098.7","25","0","9","191","2051.4","33.316","15155","2444","24.85","AS2","0","1360","2266.6","25.45","0","9","191","2225.5","33.316","3120","24.765","2.2559","9827"
"WS22022_7","FL","2022","WaltonSmith","Upper_Keys","25.0488431666667","-80.2880086666667","2022-1-22","21:02:00","0","2034.915798627939714101","2390.244403695749778885","8.063608017411088","8.09757676624959","352.414380170237","3.97931016201475","36.03369273435204",,"35.974","25.654","0",,"6.5","Permanent","Single","17111","0","O","7094","7R","662","Walton Smith-Jan 2022","WS_FL","WS","FL","1","16232","2022-1-22","21:02:00","+00:00","9803","22817","2086.034887770165","25","UNSPECIFIED","0","1030","2098.7","25","0","9","191","2051.4","33.316","15156","2432.7","25.15","AS2","0","1361","2259.45","25.15","0","9","191","2225.5","33.316","3121","24.79","2.267","9828"
"WS22022_8","FL","2022","WaltonSmith","Upper_Keys","25.06385","-80.316051","2022-1-22","21:14:00","0","2067.064413811738997074","2413.219630288022056031","8.04279850306548","8.08790440844849","366.104171116807","3.86812041849225","36.31569288090869",,"36.228","24.898","0",,"6","Permanent","Single","17112","0","O","7095","8R","662","Walton Smith-Jan 2022","WS_FL","WS","FL","1","16233","2022-1-22","21:14:00","+00:00","9804","22818","2119.400342180825","25","UNSPECIFIED","0","1030","2098.7","25","0","9","191","2051.4","33.316","15157","2456.85","25","AS2","0","1361","2259.45","25.15","0","9","191","2225.5","33.316","3122","24.727","2.172","9829"
"WS22022_9","FL","2022","WaltonSmith","Upper_Keys","25.0796675","-80.3341978333333","2022-1-22","21:24:00","0","2084.36683322578688133","2405.277639325125955706","8.046572860056393","8.06041068438225","395.478770504351","3.58830776252986","36.34154295941637",,"36.222","24.159","0",,"5.5","Permanent","Single","17113","0","O","7096","9R","662","Walton Smith-Jan 2022","WS_FL","WS","FL","1","16234","2022-1-22","21:24:00","+00:00","9805","22819","2137.164656064825","25","UNSPECIFIED","0","1030","2098.7","25","0","9","191","2051.4","33.316","15158","2464.75","24.95","AS2","0","1362","2275.5","24.95","0","9","191","2225.5","33.316","3123","24.776","2.1914","9830"
"WS22022_10","FL","2022","WaltonSmith","Upper_Keys","25.0064996666667","-80.3716335","2022-1-22","22:14:00","0","2059.019930862715483663","2386.91939458134739273","8.06225756861158","8.06651921993919","385.186768466221","3.6644849556163","36.26163796585709",,"36.204","24.743","0",,"MR","Permanent","Single","17114","0","O","7097","10R","662","Walton Smith-Jan 2022","WS_FL","WS","FL","1","16235","2022-1-22","22:14:00","+00:00","9806","22820","2111.07581325179","25","UNSPECIFIED","0","1030","2098.7","25","0","9","191","2051.4","33.316","15159","2445.8","24.95","AS2","0","1362","2275.5","24.95","0","9","191","2225.5","33.316","3124","24.94","2.2705","9831"
"WS22022_11","FL","2022","WaltonSmith","Upper_Keys","24.8985575","-80.53026","2022-1-23","00:09:00","0","2056.774063057878653156","2386.531558358864653579","8.057509189687854","8.0636449856002","387.782923515386","3.68984732113611","36.293076420434055",,"36.161","25.107","0",,"UK_OFF","Permanent","Single","17115","0","O","7098","11R","662","Walton Smith-Jan 2022","WS_FL","WS","FL","1","16236","2022-1-23","00:09:00","+00:00","9807","22821","2108.82433044181","25","UNSPECIFIED","0","1030","2098.7","25","0","9","191","2051.4","33.316","15160","2445.35","25.1","AS2","0","1362","2275.5","24.95","0","9","191","2225.5","33.316","3125","24.939","2.2491","9832"
"WS22022_12","FL","2022","WaltonSmith","Upper_Keys","24.9208633333333","-80.5465288333333","2022-1-23","00:21:00","0","2066.608304079590341582","2396.644307197726890792","8.069123568005493","8.06841942685577","384.575726134032","3.6877724888077","36.33071591442772",,"36.227","24.686","0",,"UK_MID","Permanent","Single","17116","0","O","7099","12R","662","Walton Smith-Jan 2022","WS_FL","WS","FL","1","16237","2022-1-23","00:21:00","+00:00","9808","22822","2118.95663639925","25","UNSPECIFIED","0","1030","2098.7","25","0","9","191","2051.4","33.316","15161","2455.85","25","AS2","0","1362","2275.5","24.95","0","9","191","2225.5","33.316","3126","24.942","2.3023","9833"
"WS22022_13","FL","2022","WaltonSmith","Upper_Keys","24.9341868333333","-80.5655646666667","2022-1-23","00:30:00","0","2118.074534343585173046","2421.812989770580618518","8.011774631988887","8.03294300521019","430.62889844847","3.41891733571442","36.3621530965562",,"36.286","23.95","0",,"UK_IN","Permanent","Single","17117","0","O","7100","13R","662","Walton Smith-Jan 2022","WS_FL","WS","FL","1","16238","2022-1-23","00:30:00","+00:00","9809","22823","2171.726436314605","25","UNSPECIFIED","0","1030","2098.7","25","0","9","191","2051.4","33.316","15162","2481.8","24.85","AS2","0","1362","2275.5","24.95","0","9","191","2225.5","33.316","3127","24.782","2.043","9834"
"WS22022_14","FL","2022","WaltonSmith","Middle_Keys","24.8173141666667","-80.7557608333333","2022-1-23","02:05:00","0","2205.453208777138535148","2537.894571587485292463","8.039439773400362","8.08480621180729","394.463303273199","3.80917597011128","35.33818855525733",,"35.237","23.251","0",,"7","Permanent","Single","17118","0","O","7101","14R","662","Walton Smith-Jan 2022","WS_FL","WS","FL","1","16239","2022-1-23","02:05:00","+00:00","9810","22824","2259.52565641113","25","UNSPECIFIED","0","1030","2098.7","25","0","9","191","2051.4","33.316","15163","2598.75","24.85","AS2","0","1362","2275.5","24.95","0","9","191","2225.5","33.316","3128","24.902","2.1624","9835"
"WS22022_15","FL","2022","WaltonSmith","Middle_Keys","24.7919931666667","-80.7410053333333","2022-1-23","02:27:00","0","2113.178758205391741847","2421.144537607913497891","8.016763371161742","8.0442203541358","417.480581682788","3.45948639748124","36.292114341542124",,"36.193","23.725","0",,"8","Permanent","Single","17119","0","O","7102","15R","662","Walton Smith-Jan 2022","WS_FL","WS","FL","1","16240","2022-1-23","02:27:00","+00:00","9811","22825","2166.599287610585","25","UNSPECIFIED","0","1030","2098.7","25","0","9","191","2051.4","33.316","15164","2480.95","24.9","AS2","0","1362","2275.5","24.95","0","9","191","2225.5","33.316","3129","24.884","2.0689","9836"
"WS22022_16","FL","2022","WaltonSmith","Middle_Keys","24.7635458333333","-80.7231","2022-1-23","02:46:00","0","2065.576693153834266017","2385.546264099503061661","8.045229728508648","8.05685992892665","396.069248029509","3.58316277468315","36.19482942354869",,"35.072","24.611","0",,"9","Permanent","Single","17120","0","O","7103","16R","662","Walton Smith-Jan 2022","WS_FL","WS","FL","1","16241","2022-1-23","02:46:00","+00:00","9812","22826","2112.376134803445","25","UNSPECIFIED","0","1031","2093.4","25","0","9","191","2051.4","33.316","15165","2444.2","25.05","AS2","0","1362","2275.5","24.95","0","9","191","2225.5","33.316","3130","24.971","2.1957","9837"
"WS22022_17","FL","2022","WaltonSmith","Middle_Keys","24.7171683333333","-80.6897355","2022-1-23","03:27:00","0","2042.073628268450235638","2377.806079305653258786","8.063447874796472","8.06871181493984","380.494962667356","3.75982773534197","36.20268938091161",,"36.119","25.558","0",,"9.5","Permanent","Single","17121","0","O","7104","17R","662","Walton Smith-Jan 2022","WS_FL","WS","FL","1","16242","2022-1-23","03:27:00","+00:00","9813","22827","2088.315325486155","25","UNSPECIFIED","0","1031","2093.4","25","0","9","191","2051.4","33.316","15166","2436.25","25.1","AS2","0","1362","2275.5","24.95","0","9","191","2225.5","33.316","3131","24.927","2.2749","9838"
"WS22022_18","FL","2022","WaltonSmith","Middle_Keys","24.7126761666667","-80.8328165","2022-1-23","04:49:00","0","2062.258517525927734555","2389.842592277871876001","8.059011930887678","8.06701320981315","385.351801511367","3.66391705847226","36.214826959142194",,"36.128","24.685","0",,"12","Permanent","Single","17122","0","O","7105","18R","662","Walton Smith-Jan 2022","WS_FL","WS","FL","1","16243","2022-1-23","04:49:00","+00:00","9814","22828","2109.00864666606","25","UNSPECIFIED","0","1031","2093.4","25","0","9","191","2051.4","33.316","15167","2448.6","25.1","AS2","0","1362","2275.5","24.95","0","9","191","2225.5","33.316","3132","24.949","2.2561","9839"
"WS22022_19","FL","2022","WaltonSmith","Middle_Keys","24.753521","-80.8466753333333","2022-1-23","05:18:00","0","2170.689329108874560657","2478.311256151903359921","8.011033199568455","8.04628742999354","427.515478084932","3.50792225539053","35.70079702060226",,"35.596","23.473","0",,"11","Permanent","Single","17123","0","O","7106","19R","662","Walton Smith-Jan 2022","WS_FL","WS","FL","1","16244","2022-1-23","05:18:00","+00:00","9815","22829","2219.22764586569","25","UNSPECIFIED","0","1031","2093.4","25","0","9","191","2051.4","33.316","15168","2538.4","24.9","AS2","0","1362","2275.5","24.95","0","9","191","2225.5","33.316","3133","25.061","2.0517","9840"
"WS22022_20","FL","2022","WaltonSmith","Middle_Keys","24.78874","-80.8602316666667","2022-1-23","05:38:00","0","2223.964460745060917437","2532.631168731010543785","8.006731969064964","8.05422609564773","429.873013853331","3.55904885411973","35.18617150667165",,"35.084","22.962","0",,"10","Permanent","Single","17124","0","O","7107","20R","662","Walton Smith-Jan 2022","WS_FL","WS","FL","1","16245","2022-1-23","05:38:00","+00:00","9816","22830","2272.910646476015","25","UNSPECIFIED","0","1031","2093.4","25","0","9","191","2051.4","33.316","15169","2585","24.95","AS2","0","1363","2267.45","25.05","0","9","191","2225.5","33.316","3134","25.144","2.0357","9841"
"WS22022_21","FL","2022","WaltonSmith","Middle_Keys","24.7004888333333","-81.031722","2022-1-23","07:04:00","0","2237.286515611534102519","2530.673125433225908694","7.993558285856544","8.03180889348893","458.286783519142","3.41242811679941","34.90181823466572",,"34.804","23.037","0",,"13","Permanent","Single","17125","0","O","7108","21R","662","Walton Smith-Jan 2022","WS_FL","WS","FL","1","16246","2022-1-23","07:04:00","+00:00","9817","22831","2286.06542541474","25","UNSPECIFIED","0","1031","2093.4","25","0","9","191","2051.4","33.316","15170","2582.3","25.15","AS2","0","1363","2267.45","25.05","0","9","191","2225.5","33.316","3135","24.881","1.9671","9842"
"WS22022_22","FL","2022","WaltonSmith","Middle_Keys","24.673906","-81.0224233333333","2022-1-23","07:17:00","0","2188.904178405116254824","2483.648633606753600783","8.001782736063976","8.03016092076466","449.499600490082","3.38831110596061","35.39156953517879",,"35.284","23.335","0",,"14","Permanent","Single","17126","0","O","7109","22R","662","Walton Smith-Jan 2022","WS_FL","WS","FL","1","16247","2022-1-23","07:17:00","+00:00","9818","22832","2237.36636638364","25","UNSPECIFIED","0","1031","2093.4","25","0","9","191","2051.4","33.316","15171","2535.1","25.15","AS2","0","1363","2267.45","25.05","0","9","191","2225.5","33.316","3136","25.151","2.0167","9843"
"WS22022_23","FL","2022","WaltonSmith","Middle_Keys","24.6423825","-81.0156498333333","2022-1-23","07:31:00","0","2069.634788538087695017","2386.887832369278887317","8.057763303533603","8.05067095133002","403.411972157544","3.5634212562945","36.11823309021158",,"36.059","24.779","0",,"15","Permanent","Single","17127","0","O","7110","23R","662","Walton Smith-Jan 2022","WS_FL","WS","FL","1","16248","2022-1-23","07:31:00","+00:00","9819","22833","2116.412920417255","25","UNSPECIFIED","0","1031","2093.4","25","0","9","191","2051.4","33.316","15172","2437.4","25.1","AS2","0","1363","2267.45","25.05","0","9","191","2225.5","33.316","3137","25.154","2.2617","9844"
"WS22022_24","FL","2022","WaltonSmith","Middle_Keys","24.5927091666667","-80.9917195","2022-1-23","07:54:00","0","2049.791034704633476074","2379.99674821474190279","8.061603012730158","8.06632459283627","384.112990999774","3.69786899195864","36.154219096754616",,"36.081","25.156","0",,"15.5","Permanent","Single","17128","0","O","7111","24R","662","Walton Smith-Jan 2022","WS_FL","WS","FL","1","16249","2022-1-23","07:54:00","+00:00","9820","22834","2096.144874621975","25","UNSPECIFIED","0","1031","2093.4","25","0","9","191","2051.4","33.316","15173","2434.1","25","AS2","0","1364","2272.05","23.55","0","9","191","2225.5","33.316","3138","24.955","2.2679","9845"
"WS22022_25","FL","2022","WaltonSmith","Middle_Keys","24.5975605","-81.184054","2022-1-23","09:18:00","0","2057.390955031931022748","2392.512290261719269212","8.066124074885169","8.07851920755913","373.235395379068","3.74020851501062","36.247147498051255",,"36.177","24.657","0",,"18","Permanent","Single","17129","0","O","7112","1JJ","663","Walton Smith-Jan 2022","WS_FL","WS","FL","1","16250","2022-1-23","09:18:00","+00:00","9821","22835","2104.07320285473","25","UNSPECIFIED","0","1031","2093.4","25","0","9","191","2051.4","33.316","15174","2447.05","25.05","AS2","0","1364","2272.05","23.55","0","9","191","2225.5","33.316","3139","24.913","2.2865","9846"
"WS22022_26","FL","2022","WaltonSmith","Middle_Keys","24.6344208333333","-81.193862","2022-1-23","09:44:00","0","2123.456646584731400423","2428.143847258193970337","8.015354302506996","8.0456610970411","418.928449862352","3.45077858527266","35.75234335876173",,"35.602","23.638","0",,"17","Permanent","Single","17130","0","O","7113","2JJ","663","Walton Smith-Jan 2022","WS_FL","WS","FL","1","16251","2022-1-23","09:44:00","+00:00","9822","22836","2170.950020181245","25","UNSPECIFIED","0","1031","2093.4","25","0","9","191","2051.4","33.316","15175","2482.75","24.9","AS2","0","1364","2272.05","23.55","0","9","191","2225.5","33.316","3140","24.868","2.0598","9847"
"WS22022_27","FL","2022","WaltonSmith","Middle_Keys","24.66999","-81.2028433333333","2022-1-23","10:04:00","0","2101.531829033453292891","2430.400659479121703456","8.058869437117096","8.10901351134537","352.485356385836","3.68227312162622","35.4597088984197",,"35.399","22.252","0",,"16","Permanent","Single","17131","0","O","7114","3JJ","663","Walton Smith-Jan 2022","WS_FL","WS","FL","1","16252","2022-1-23","10:04:00","+00:00","9823","22837","2148.036704863185","25","UNSPECIFIED","0","1031","2093.4","25","0","9","191","2051.4","33.316","15176","2484.45","25","AS2","0","1364","2272.05","23.55","0","9","191","2225.5","33.316","3141","24.859","2.2467","9848"
"WS22022_28","FL","2022","WaltonSmith","Lower_Keys","24.6093306666667","-81.4210356666667","2022-1-23","11:41:00","0","2094.865331806892072894","2394.608741194775695138","8.001157560410434","8.0432775992922","414.240020026725","3.34767658546842","36.32416643215424",,"36.243","23.12","0",,"19","Permanent","Single","17132","0","O","7115","4JJ","663","Walton Smith-Jan 2022","WS_FL","WS","FL","1","16253","2022-1-23","11:41:00","+00:00","9824","22838","2142.579523760665","25","UNSPECIFIED","0","1031","2093.4","25","0","9","191","2051.4","33.316","15177","2449.3","25.1","AS2","0","1364","2272.05","23.55","0","9","191","2225.5","33.316","3142","24.89","2.0048","9849"
"WS22022_29","FL","2022","WaltonSmith","Lower_Keys","24.5752933333333","-81.418535","2022-1-23","11:56:00","0","2116.424310859712050017","2432.443345814262823633","8.02163975256839","8.07409721678745","388.273290510835","3.5618587323877","35.62087459529478",,"35.606","23.045","0",,"20","Permanent","Single","17133","0","O","7116","5JJ","663","Walton Smith-Jan 2022","WS_FL","WS","FL","1","16254","2022-1-23","11:56:00","+00:00","9825","22839","2163.539476230245","25","UNSPECIFIED","0","1031","2093.4","25","0","9","191","2051.4","33.316","15178","2486.8","25.05","AS2","0","1364","2272.05","23.55","0","9","191","2225.5","33.316","3143","24.917","2.0882","9850"
"WS22022_30","FL","2022","WaltonSmith","Lower_Keys","24.568413","-81.4135446666667","2022-1-23","12:32:00","0","2062.80610057488088366","2392.453797212873156105","8.053902677841407","8.0732483030605","379.200025690802","3.68093857278766","36.224959073540184",,"36.179","24.454","0",,"21LK","Permanent","Single","17134","0","O","7117","6JJ","663","Walton Smith-Jan 2022","WS_FL","WS","FL","1","16255","2022-1-23","12:32:00","+00:00","9826","22840","2109.58529752262","25","UNSPECIFIED","0","1031","2093.4","25","0","9","191","2051.4","33.316","15179","2446.95","25.05","AS2","0","1364","2272.05","23.55","0","9","191","2225.5","33.316","3144","24.831","2.2265","9851"
"WS22022_31","FL","2022","WaltonSmith","Lower_Keys","24.4846348333333","-81.3932783333333","2022-1-23","13:02:00","0","2053.183614337938692249","2387.189620813617217149","8.059748749395599","8.07338512643921","377.58109069486","3.73222529413061","36.240678690482746",,"36.164","24.941","0",,"21.5","Permanent","Single","17135","0","O","7118","7JJ","663","Walton Smith-Jan 2022","WS_FL","WS","FL","1","16256","2022-1-23","13:02:00","+00:00","9827","22841","2104.96489785759","25","UNSPECIFIED","0","1032","2098.6","25","0","9","191","2051.4","33.316","15180","2441.55","25.1","AS2","0","1364","2272.05","23.55","0","9","191","2225.5","33.316","3145","24.683","2.2444","9852"
"WS22022_32","FL","2022","WaltonSmith","Lower_Keys","24.4749018333333","-81.716215","2022-1-23","15:40:00","0","2066.637660002164022525","2396.40732173045876571","8.052323766283184","8.07332619195603","379.65008509688","3.67953908503803","36.29342426851943",,"36.24","24.366","0",,"WS","Permanent","Single","17136","0","O","7119","8JJ","663","Walton Smith-Jan 2022","WS_FL","WS","FL","1","16257","2022-1-23","15:40:00","+00:00","9828","22842","2118.82814096431","25","UNSPECIFIED","0","1032","2098.6","25","0","9","191","2051.4","33.316","15181","2451.05","25.15","AS2","0","1364","2272.05","23.55","0","9","191","2225.5","33.316","3146","24.782","2.217","9853"
"WS22022_33","FL","2022","WaltonSmith","Lower_Keys","24.396685","-81.8281083333333","2022-1-23","16:48:00","0","2056.617055574328600051","2392.196762823946293034","8.0685813831297","8.0830698979197","368.69202702723","3.74100209044895","36.21744692483537",,"36.123","24.431","0",,"22.5","Permanent","Single","17137","0","O","7120","9JJ","663","Walton Smith-Jan 2022","WS_FL","WS","FL","1","16258","2022-1-23","16:48:00","+00:00","9829","22843","2108.44553813244","25","UNSPECIFIED","0","1032","2098.6","25","0","9","191","2051.4","33.316","15182","2446.6","25.15","AS2","0","1364","2272.05","23.55","0","9","191","2225.5","33.316","3147","24.672","2.2837","9854"
"WS22022_34","FL","2022","WaltonSmith","Lower_Keys","24.4546333333333","-81.82865","2022-1-23","17:13:00","0","2065.295293391513758041","2393.531204837984730151","8.044019018481396","8.07037983164173","382.355821481734","3.66487546484143","36.273079650319886",,"36.211","24.446","0",,"22","Permanent","Single","17138","0","O","7121","10JJ","663","Walton Smith-Jan 2022","WS_FL","WS","FL","1","16259","2022-1-23","17:13:00","+00:00","9830","22844","2117.42131849987","25","UNSPECIFIED","0","1032","2098.6","25","0","9","191","2051.4","33.316","15183","2448.25","24.9","AS2","0","1364","2272.05","23.55","0","9","191","2225.5","33.316","3148","24.697","2.1755","9855"
"WS22022_35","FL","2022","WaltonSmith","Lower_Keys","24.485611","-81.8281283333333","2022-1-23","17:26:00","0","2080.799483749941682207","2401.693353630186384687","8.034954128453045","8.06508843523067","390.008011126003","3.58216112241954","36.30748552817895",,"36.199","23.911","0",,"23","Permanent","Single","17139","0","O","7122","11JJ","663","Walton Smith-Jan 2022","WS_FL","WS","FL","1","16260","2022-1-23","17:26:00","+00:00","9831","22845","2133.35654324798","25","UNSPECIFIED","0","1032","2098.6","25","0","9","191","2051.4","33.316","15184","2456.6","25","AS2","0","1364","2272.05","23.55","0","9","191","2225.5","33.316","3149","24.751","2.1392","9856"
"WS22022_36","FL","2022","WaltonSmith","Lower_Keys","24.5360783333333","-81.8280851666667","2022-1-23","17:49:00","0","2087.577131394950772361","2392.384333465483412309","8.013513059092324","8.04881392753972","407.630883336147","3.41020024915454","36.173869369336295",,"36.095","23.453","0",,"24","Permanent","Single","17140","0","O","7123","12JJ","663","Walton Smith-Jan 2022","WS_FL","WS","FL","1","16261","2022-1-23","17:49:00","+00:00","9832","22846","2140.087950357995","25","UNSPECIFIED","0","1032","2098.6","25","0","9","191","2051.4","33.316","15185","2446.75","25.1","AS2","0","1364","2272.05","23.55","0","9","191","2225.5","33.316","3150","24.878","2.0545","9857"
"WS22072_1","FL","2022","WaltonSmith","Upper_Keys","25.107","-80.379","2022-3-13","16:09:00","0","2081.002516579420696741","2402.53866222194889954","8.06317859369166","8.04613615128444","409.697587374162","3.60209630504444","36.560281033373926",,"36.426","25.024","0",,"4","Permanent","Single","17141","0","O","7142","1J","664","Walton Smith-Mar 2022","WS_FL","WS","FL","1","16262","2022-3-13","16:09:00","+00:00","9833","22847","2131.50691565441","25","UNSPECIFIED","0","1036","2096.15","25","0","9","191","2051.4","33.316","15186","2466.55","24.95","AS2","0","1368","2269.6","25","0","29","196","2215.32","33.519","3151","24.586","2.2557","9858"
"WS22072_2","FL","2022","WaltonSmith","Upper_Keys","25.093","-80.355","2022-3-13","16:21:00","0","2040.887034514008186996","2372.464375279516297421","8.097955299935279","8.06492788096623","383.395690531299","3.69701031301777","36.42048264025354",,"36.283","25.255","0",,"5","Permanent","Single","17142","0","O","7143","2J","664","Walton Smith-Mar 2022","WS_FL","WS","FL","1","16263","2022-3-13","16:21:00","+00:00","9834","22848","2090.191926837685","25","UNSPECIFIED","0","1036","2096.15","25","0","9","191","2051.4","33.316","15187","2435.45","25","AS2","0","1368","2269.6","25","0","29","196","2215.32","33.519","3152","24.403","2.4059","9859"
"WS22072_3","FL","2022","WaltonSmith","Lower_Keys","24.537","-81.828","2022-3-18","16:17:00","0","2042.678208112023374194","2354.806680863982691537","8.067785011431214","8.01618862540112","434.986037216952","3.50763304920555","36.602540267078766",,"36.348","26.455","0",,"24","Permanent","Single","17143","0","O","7144","3J","664","Walton Smith-Mar 2022","WS_FL","WS","FL","1","16264","2022-3-18","16:17:00","+00:00","9835","22849","2092.308070743745","25","UNSPECIFIED","0","1036","2096.15","25","0","9","191","2051.4","33.316","15188","2417.65","25.05","AS2","0","1368","2269.6","25","0","29","196","2215.32","33.519","3153","24.524","2.2732","9860"
"WS22072_4","FL","2022","WaltonSmith","Lower_Keys","24.487","-81.829","2022-3-18","16:39:00","0","2054.485109047641323626","2370.475188433570944415","8.073619987683369","8.02457058063194","428.340353854639","3.55671727095489","36.48955428013846",,"36.281","26.246","0",,"23","Permanent","Single","17144","0","O","7145","4J","664","Walton Smith-Mar 2022","WS_FL","WS","FL","1","16265","2022-3-18","16:39:00","+00:00","9836","22850","2104.229338663805","25","UNSPECIFIED","0","1036","2096.15","25","0","9","191","2051.4","33.316","15189","2433.5","25.05","AS2","0","1368","2269.6","25","0","29","196","2215.32","33.519","3154","24.629","2.3055","9861"
"WS22072_5","FL","2022","WaltonSmith","Lower_Keys","24.455","-81.828","2022-3-18","16:52:00","0","2062.910542603511160823","2388.665166421931321841","8.05292693449796","8.04007821952434","413.730375966564","3.67387086576466","36.32486222924486",,"36.158","26.203","0",,"22","Permanent","Single","17145","0","O","7146","5J","664","Walton Smith-Mar 2022","WS_FL","WS","FL","1","16266","2022-3-18","16:52:00","+00:00","9837","22851","2112.604022433065","25","UNSPECIFIED","0","1036","2096.15","25","0","9","191","2051.4","33.316","15190","2451.8","25.1","AS2","0","1368","2269.6","25","0","29","196","2215.32","33.519","3155","24.593","2.2092","9862"
"WS22072_6","FL","2022","WaltonSmith","Lower_Keys","24.396","-81.828","2022-3-18","17:18:00","0","2073.657904473066842755","2387.84828749279138013","8.053236767308663","8.03345974225531","422.048882543796","3.53009557733125","36.4502604314746",,"36.28","25.316","0",,"22.5","Permanent","Single","17146","0","O","7147","6J","664","Walton Smith-Mar 2022","WS_FL","WS","FL","1","16267","2022-3-18","17:18:00","+00:00","9838","22852","2123.809660187705","25","UNSPECIFIED","0","1036","2096.15","25","0","9","191","2051.4","33.316","15191","2451.3","24.95","AS2","0","1368","2269.6","25","0","29","196","2215.32","33.519","3156","24.37","2.1986","9863"
"WS22072_7","FL","2022","WaltonSmith","Lower_Keys","24.477","-81.716","2022-3-18","18:27:00","0","2060.598183566354061565","2375.817118021027935822","8.069677125093797","8.02750594669836","426.606835461258","3.55543556729992","36.31796480662522",,"36.222","26.051","0",,"WS","Permanent","Single","17147","0","O","7148","7J","664","Walton Smith-Mar 2022","WS_FL","WS","FL","1","16268","2022-3-18","18:27:00","+00:00","9839","22853","2110.22462248533","25","UNSPECIFIED","0","1036","2096.15","25","0","9","191","2051.4","33.316","15192","2438.7","25","AS2","0","1368","2269.6","25","0","29","196","2215.32","33.519","3157","24.522","2.2805","9864"
"WS22072_8","FL","2022","WaltonSmith","Lower_Keys","24.484","-81.392","2022-3-18","20:53:00","0","2064.730841992604324042","2378.699161530167353313","8.085908528627632","8.02330825435984","432.045875359153","3.5449374395975","36.35202203898262",,"36.173","26.139","0",,"21.5","Permanent","Single","17148","0","O","7149","8J","664","Walton Smith-Mar 2022","WS_FL","WS","FL","1","16269","2022-3-18","20:53:00","+00:00","9840","22854","2114.511040629175","25","UNSPECIFIED","0","1036","2096.15","25","0","9","191","2051.4","33.316","15193","2441.75","24.95","AS2","0","1368","2269.6","25","0","29","196","2215.32","33.519","3158","24.378","2.3472","9865"
"WS22072_9","FL","2022","WaltonSmith","Lower_Keys","24.533","-81.415","2022-3-18","21:31:00","0","2059.748655902777212659","2380.018051974511100777","8.067233487614978","8.03549271177024","417.905265000401","3.61049659226562","36.28949448472054",,"36.198","26.042","0",,"21LK","Permanent","Single","17149","0","O","7150","9J","664","Walton Smith-Mar 2022","WS_FL","WS","FL","1","16270","2022-3-18","21:31:00","+00:00","9841","22855","2109.310075732195","25","UNSPECIFIED","0","1036","2096.15","25","0","9","191","2051.4","33.316","15194","2438.7","26.3","AS2","0","1369","2266.35","24.95","0","29","196","2215.32","33.519","3159","24.535","2.27","9866"
"WS22072_10","FL","2022","WaltonSmith","Lower_Keys","24.575","-81.419","2022-3-18","22:09:00","0","2061.020092834614095757","2395.9704627261951143","8.084349429676648","8.05105792972085","402.081165428631","3.7778033574505","36.30128381031481",,"36.129","26.38","0",,"20","Permanent","Single","17150","0","O","7151","10J","664","Walton Smith-Mar 2022","WS_FL","WS","FL","1","16271","2022-3-18","22:09:00","+00:00","9842","22856","2110.630804346845","25","UNSPECIFIED","0","1036","2096.15","25","0","9","191","2051.4","33.316","15195","2455.95","25.1","AS2","0","1369","2266.35","24.95","0","29","196","2215.32","33.519","3160","24.617","2.3538","9867"
"WS22072_11","FL","2022","WaltonSmith","Lower_Keys","24.609","-81.421","2022-3-18","22:23:00","0","2029.484664722700761248","2381.986513666329752779","8.107300057453191","8.03761026628753","409.428066861475","3.9612199777114","37.11325021349641",,"36.945","28.566","0",,"19","Permanent","Single","17151","0","O","7152","11J","664","Walton Smith-Mar 2022","WS_FL","WS","FL","1","16272","2022-3-18","22:23:00","+00:00","9843","22857","2079.574549850505","25","UNSPECIFIED","0","1036","2096.15","25","0","9","191","2051.4","33.316","15196","2443.2","24.95","AS2","0","1369","2266.35","24.95","0","29","196","2215.32","33.519","3161","24.331","2.4493","9868"
"WS22072_12","FL","2022","WaltonSmith","Middle_Keys","24.672","-81.203","2022-3-19","00:06:00","0","2133.888304677001483266","2595.045312139361646084","8.242051711057483","8.20289055585022","282.56523699044","5.34235156957174","34.992304179847494",,"34.869","27.041","0",,"16","Permanent","Single","17152","0","O","7153","12J","664","Walton Smith-Mar 2022","WS_FL","WS","FL","1","16273","2022-3-19","00:06:00","+00:00","9844","22858","2183.16036870114","25","UNSPECIFIED","0","1036","2096.15","25","0","9","191","2051.4","33.316","15197","2657.45","24.9","AS2","0","1369","2266.35","24.95","0","29","196","2215.32","33.519","3162","24.325","3.1656","9869"
"WS22072_13","FL","2022","WaltonSmith","Middle_Keys","24.635","-81.193","2022-3-19","00:29:00","0","2044.357041663971628771","2376.571319594783021392","8.081339508956251","8.04208029324406","407.805976603153","3.73302575293061","36.55015148210269",,"36.32","26.692","0",,"17","Permanent","Single","17153","0","O","7154","13J","664","Walton Smith-Mar 2022","WS_FL","WS","FL","1","16274","2022-3-19","00:29:00","+00:00","9845","22859","2097.10466294457","25","UNSPECIFIED","0","1037","2099.3","25","0","9","191","2051.4","33.316","15198","2436.6","25","AS2","0","1369","2266.35","24.95","0","29","196","2215.32","33.519","3163","24.962","2.3612","9870"
"WS22072_14","FL","2022","WaltonSmith","Middle_Keys","24.598","-81.184","2022-3-19","00:50:00","0","2064.227394716355461159","2378.252170982260951759","8.067026305758063","8.02509951171809","429.898443806412","3.54285633396756","36.351060109179095",,"36.232","26.031","0",,"18","Permanent","Single","17154","0","O","7155","14J","664","Walton Smith-Mar 2022","WS_FL","WS","FL","1","16275","2022-3-19","00:50:00","+00:00","9846","22860","2117.150894038555","25","UNSPECIFIED","0","1037","2099.3","25","0","9","191","2051.4","33.316","15199","2438","24.95","AS2","0","1369","2266.35","24.95","0","29","196","2215.32","33.519","3164","24.991","2.2956","9871"
"WS22072_15","FL","2022","WaltonSmith","Middle_Keys","24.592","-80.993","2022-3-19","02:18:00","0","2074.677163672214258672","2382.956571544950855175","8.053448156288976","8.01907372524414","438.498360822761","3.48107073608089","36.35560372904357",,"36.181","25.757","0",,"15.5","Permanent","Single","17155","0","O","7156","15J","664","Walton Smith-Mar 2022","WS_FL","WS","FL","1","16276","2022-3-19","02:18:00","+00:00","9847","22861","2127.86240557804","25","UNSPECIFIED","0","1037","2099.3","25","0","9","191","2051.4","33.316","15200","2442.9","24.85","AS2","0","1369","2266.35","24.95","0","29","196","2215.32","33.519","3165","25.002","2.2347","9872"
"WS22072_16","FL","2022","WaltonSmith","Middle_Keys","24.646","-81.014","2022-3-19","02:43:00","0","2070.215523151063932135","2382.937503707263082762","8.077239274257888","8.02225417218173","434.23248372985","3.53152863276493","36.36643067343161",,"36.138","26.02","0",,"15","Permanent","Single","17156","0","O","7157","16J","664","Walton Smith-Mar 2022","WS_FL","WS","FL","1","16277","2022-3-19","02:43:00","+00:00","9848","22862","2123.309018161985","25","UNSPECIFIED","0","1037","2099.3","25","0","9","191","2051.4","33.316","15201","2442.9","24.85","AS2","0","1369","2266.35","24.95","0","29","196","2215.32","33.519","3166","24.749","2.3287","9873"
"WS22072_17","FL","2022","WaltonSmith","Middle_Keys","24.675","-81.023","2022-3-19","02:57:00","0","2047.235709703297118499","2381.292771747219118611","8.09166772719346","8.0517742584733","398.58711677166","3.75738287503002","36.335341427120035",,"36.188","26.364","0",,"14","Permanent","Single","17157","0","O","7158","17J","664","Walton Smith-Mar 2022","WS_FL","WS","FL","1","16278","2022-3-19","02:57:00","+00:00","9849","22863","2099.72084433225","25","UNSPECIFIED","0","1037","2099.3","25","0","9","191","2051.4","33.316","15202","2441.05","25","AS2","0","1369","2266.35","24.95","0","29","196","2215.32","33.519","3167","24.788","2.3987","9874"
"WS22072_18","FL","2022","WaltonSmith","Middle_Keys","24.702","-81.03","2022-3-19","03:11:00","0","2027.897980690442758423","2375.201871031131890044","8.110357453113776","8.06168639556926","384.91496418126","3.89511566782363","36.51644620932671",,"36.359","26.988","0",,"13","Permanent","Single","17158","0","O","7159","18J","664","Walton Smith-Mar 2022","WS_FL","WS","FL","1","16279","2022-3-19","03:11:00","+00:00","9850","22864","2080.19033686255","25","UNSPECIFIED","0","1037","2099.3","25","0","9","191","2051.4","33.316","15203","2435.1","25.05","AS2","0","1369","2266.35","24.95","0","29","196","2215.32","33.519","3168","24.972","2.5013","9875"
"WS22072_19","FL","2022","WaltonSmith","Middle_Keys","24.789","-80.86","2022-3-19","04:39:00","0","2003.443497166375670251","2379.619811480941525799","8.153753154397686","8.11785853408666","328.872760322544","4.18284250689088","36.3707082680594",,"36.283","26.212","0",,"10","Permanent","Single","17159","0","O","7160","19J","664","Walton Smith-Mar 2022","WS_FL","WS","FL","1","16280","2022-3-19","04:39:00","+00:00","9851","22865","2054.915836115135","25","UNSPECIFIED","0","1037","2099.3","25","0","9","191","2051.4","33.316","15204","2439.4","25","AS2","0","1369","2266.35","24.95","0","29","196","2215.32","33.519","3169","24.469","2.689","9876"
"WS22072_20","FL","2022","WaltonSmith","Middle_Keys","24.753","-80.847","2022-3-19","05:02:00","0","2042.784244097430486394","2374.139833127570100034","8.099386325273702","8.04674455471975","402.928859919463","3.72776908666217","36.3418908947144",,"36.159","26.485","0",,"11","Permanent","Single","17160","0","O","7161","20J","664","Walton Smith-Mar 2022","WS_FL","WS","FL","1","16281","2022-3-19","05:02:00","+00:00","9852","22866","2095.17110582325","25","UNSPECIFIED","0","1037","2099.3","25","0","9","191","2051.4","33.316","15205","2427.6","24.8","AS2","0","1370","2260.25","24.7","0","29","196","2215.32","33.519","3170","24.476","2.4168","9877"
"WS22072_21","FL","2022","WaltonSmith","Middle_Keys","24.713","-80.832","2022-3-19","05:33:00","0","2066.207523095761270603","2368.205988055735504205","8.058789181909429","8.01058113340038","446.450656296136","3.41429632855094","36.26984543673577",,"36.207","25.848","0",,"12","Permanent","Single","17161","0","O","7162","21J","664","Walton Smith-Mar 2022","WS_FL","WS","FL","1","16282","2022-3-19","05:33:00","+00:00","9853","22867","2119.05219044404","25","UNSPECIFIED","0","1037","2099.3","25","0","9","191","2051.4","33.316","15206","2421.5","24.65","AS2","0","1370","2260.25","24.7","0","29","196","2215.32","33.519","3171","24.439","2.2264","9878"
"WS22072_22","FL","2022","WaltonSmith","Middle_Keys","24.717","-80.69","2022-3-19","06:44:00","0","2078.548726535448414413","2379.72782090533121099","8.063474042883547","8.01170410296634","447.263724865328","3.39949976383766","36.39166606691396",,"36.298","25.47","0",,"9.5","Permanent","Single","17162","0","O","7163","22J","664","Walton Smith-Mar 2022","WS_FL","WS","FL","1","16283","2022-3-19","06:44:00","+00:00","9854","22868","2131.885076209915","25","UNSPECIFIED","0","1037","2099.3","25","0","9","191","2051.4","33.316","15207","2433.45","24.75","AS2","0","1370","2260.25","24.7","0","29","196","2215.32","33.519","3172","24.426","2.2472","9879"
"WS22072_23","FL","2022","WaltonSmith","Middle_Keys","24.764","-80.724","2022-3-19","07:26:00","0","2066.381783032986528687","2369.415638809538447451","8.051311744997356","8.01453643952791","441.789392792845","3.41947281825658","36.31176314585361",,"36.202","25.653","0",,"9","Permanent","Single","17163","0","O","7164","23J","664","Walton Smith-Mar 2022","WS_FL","WS","FL","1","16284","2022-3-19","07:26:00","+00:00","9855","22869","2119.296279007935","25","UNSPECIFIED","0","1037","2099.3","25","0","9","191","2051.4","33.316","15208","2422.85","24.6","AS2","0","1370","2260.25","24.7","0","29","196","2215.32","33.519","3173","24.511","2.1974","9880"
"WS22072_24","FL","2022","WaltonSmith","Middle_Keys","24.792","-80.742","2022-3-19","07:49:00","0","2050.065414969596404127","2391.261067712960541172","8.117820963924846","8.06005214095888","390.804804083987","3.83853368274719","36.34023307016649",,"36.182","26.445","0",,"8","Permanent","Single","17164","0","O","7165","24J","665","Walton Smith-Mar 2022","WS_FL","WS","FL","1","16285","2022-3-19","07:49:00","+00:00","9856","22870","2102.62705481311","25","UNSPECIFIED","0","1037","2099.3","25","0","9","191","2051.4","33.316","15209","2445.1","24.85","AS2","0","1370","2260.25","24.7","0","29","196","2215.32","33.519","3174","24.481","2.5068","9881"
"WS22072_25","FL","2022","WaltonSmith","Middle_Keys","24.818","-80.756","2022-3-19","08:06:00","0","2045.585116314674149241","2367.037640272376101851","8.097337665425638","8.03382117187406","416.68844455985","3.61333262006264","36.44013003819037",,"36.354","26.291","0",,"7","Permanent","Single","17165","0","O","7166","1T","665","Walton Smith-Mar 2022","WS_FL","WS","FL","1","16286","2022-3-19","08:06:00","+00:00","9857","22871","2098.19239064681","25","UNSPECIFIED","0","1037","2099.3","25","0","9","191","2051.4","33.316","15210","2420.5","24.8","AS2","0","1370","2260.25","24.7","0","29","196","2215.32","33.519","3175","24.646","2.4177","9882"
"WS22072_26","FL","2022","WaltonSmith","Upper_Keys","24.934","-80.564","2022-3-19","09:45:00","0","2050.615632122016014992","2396.639088144913220192","8.114423019449722","8.06321941870295","387.621625645663","3.88956796179935","36.44817190306812",,"36.239","26.585","0",,"UK_IN","Permanent","Single","17166","0","O","7167","2T","665","Walton Smith-Mar 2022","WS_FL","WS","FL","1","16287","2022-3-19","09:45:00","+00:00","9858","22872","2103.358300878555","25","UNSPECIFIED","0","1037","2099.3","25","0","9","191","2051.4","33.316","15211","2450.95","24.65","AS2","0","1370","2260.25","24.7","0","29","196","2215.32","33.519","3176","24.68","2.5029","9883"
"WS22072_27","FL","2022","WaltonSmith","Upper_Keys","24.921","-80.547","2022-3-19","09:54:00","0","2072.876935503926047989","2380.20637726963638141","8.072375039668417","8.00805687557938","451.064388813152","3.48405175147904","36.36153915403447",,"36.155","26.411","0",,"UK_MID","Permanent","Single","17167","0","O","7168","3T","665","Walton Smith-Mar 2022","WS_FL","WS","FL","1","16288","2022-3-19","09:54:00","+00:00","9859","22873","2122.018619586415","25","UNSPECIFIED","0","1038","2095.3","25","0","9","191","2051.4","33.316","15212","2433.85","24.8","AS2","0","1370","2260.25","24.7","0","29","196","2215.32","33.519","3177","24.787","2.3084","9884"
"WS22072_28","FL","2022","WaltonSmith","Upper_Keys","24.899","-80.529","2022-3-19","10:07:00","0","2077.670656500560255591","2376.386084176437116998","8.06369519519898","8.00338878511177","456.899917844626","3.38029029927896","36.376909607595344",,"36.143","25.796","0",,"UK_OFF","Permanent","Single","17168","0","O","7169","4T","665","Walton Smith-Mar 2022","WS_FL","WS","FL","1","16289","2022-3-19","10:07:00","+00:00","9860","22874","2126.953314218665","25","UNSPECIFIED","0","1038","2095.3","25","0","9","191","2051.4","33.316","15213","2430","24.75","AS2","0","1370","2260.25","24.7","0","29","196","2215.32","33.519","3178","24.805","2.2698","9885"
"WS22072_29","FL","2022","WaltonSmith","Upper_Keys","25.004","-80.372","2022-3-19","11:28:00","0","2081.591806098366074262","2379.439753336701805471","8.050932554615086","8.00902370141854","450.631110052468","3.35830537660296","36.449298750145886",,"36.33","25.235","0",,"MR","Permanent","Single","17169","0","O","7170","5T","665","Walton Smith-Mar 2022","WS_FL","WS","FL","1","16290","2022-3-19","11:28:00","+00:00","9861","22875","2131.0839799643","25","UNSPECIFIED","0","1038","2095.3","25","0","9","191","2051.4","33.316","15214","2433.15","24.9","AS2","0","1370","2260.25","24.7","0","29","196","2215.32","33.519","3179","24.882","2.2171","9886"
"WS22072_30","FL","2022","WaltonSmith","Upper_Keys","25.052","-80.286","2022-3-19","12:27:00","0","2081.984741777856250607","2382.099689673086232311","8.055437200055357","8.01184856692702","447.638055037164","3.38551862467595","36.415243297747615",,"36.318","25.3","0",,"6.5","Permanent","Single","17170","0","O","7171","6T","665","Walton Smith-Mar 2022","WS_FL","WS","FL","1","16291","2022-3-19","12:27:00","+00:00","9862","22876","2131.432922438585","25","UNSPECIFIED","0","1038","2095.3","25","0","9","191","2051.4","33.316","15215","2435.85","24.85","AS2","0","1370","2260.25","24.7","0","29","196","2215.32","33.519","3180","24.702","2.2269","9887"
"WS22072_31","FL","2022","WaltonSmith","Upper_Keys","25.064","-80.316","2022-3-19","12:54:00","0","2072.33311090646209802","2375.008053464775339149","8.056037657159683","8.0125114660326","445.256474687184","3.41743889386427","36.354989758173836",,"36.163","25.658","0",,"6","Permanent","Single","17171","0","O","7172","7T","665","Walton Smith-Mar 2022","WS_FL","WS","FL","1","16292","2022-3-19","12:54:00","+00:00","9863","22877","2121.45128153001","25","UNSPECIFIED","0","1038","2095.3","25","0","9","191","2051.4","33.316","15216","2435.9","25","AS2","0","1372","2267.7","24.8","0","29","196","2215.32","33.519","3181","24.887","2.2398","9888"
"WS22072_32","FL","2022","WaltonSmith","Upper_Keys","25.08","-80.334","2022-3-19","13:06:00","0","2038.425235366133498585","2379.958618054067662424","8.118692960178535","8.06131735303352","387.122225721463","3.82913320712362","36.44667912294814",,"36.241","26.428","0",,"5.5","Permanent","Single","17172","0","O","7173","8T","665","Walton Smith-Mar 2022","WS_FL","WS","FL","1","16293","2022-3-19","13:06:00","+00:00","9864","22878","2086.85843132041","25","UNSPECIFIED","0","1038","2095.3","25","0","9","191","2051.4","33.316","15217","2441.1","25.05","AS2","0","1372","2267.7","24.8","0","29","196","2215.32","33.519","3182","24.855","2.535","9889"
"WS22072_33","FL","2022","WaltonSmith","Upper_Keys","25.294","-80.162","2022-3-19","17:01:00","0","2077.385619785539841887","2379.916330668212119858","8.049404953781988","8.0112619282182","447.772615837804","3.4193148023622","36.35464179930993",,"36.228","25.677","0",,"EK_OFF","Permanent","Single","17173","0","O","7174","9T","665","Walton Smith-Mar 2022","WS_FL","WS","FL","1","16294","2022-3-19","17:01:00","+00:00","9865","22879","2126.626361133945","25","UNSPECIFIED","0","1038","2095.3","25","0","9","191","2051.4","33.316","15218","2441","24.9","AS2","0","1372","2267.7","24.8","0","29","196","2215.32","33.519","3183","24.848","2.208","9890"
"WS22072_34","FL","2022","WaltonSmith","Upper_Keys","25.315","-80.195","2022-3-19","17:33:00","0","2039.531298365536658854","2379.827178379943434302","8.111318602006817","8.06722875467207","381.116668143826","3.80087299360591","36.496103171056525",,"36.38","25.87","0",,"EK_MID","Permanent","Single","17174","0","O","7175","10T","665","Walton Smith-Mar 2022","WS_FL","WS","FL","1","16295","2022-3-19","17:33:00","+00:00","9866","22880","2088.06772073221","25","UNSPECIFIED","0","1038","2095.3","25","0","9","191","2051.4","33.316","15219","2441.2","24.85","AS2","0","1372","2267.7","24.8","0","29","196","2215.32","33.519","3184","24.794","2.4949","9891"
"WS22072_35","FL","2022","WaltonSmith","Upper_Keys","25.335","-80.224","2022-3-19","18:06:00","0","2053.311500284743167763","2396.935240339295140686","8.116862733367158","8.06016130578648","390.537593960877","3.84494102093159","36.726957471456174",,"36.605","26.316","0",,"EK_IN","Permanent","Single","17175","0","O","7176","11T","665","Walton Smith-Mar 2022","WS_FL","WS","FL","1","16296","2022-3-19","18:06:00","+00:00","9867","22881","2102.54352976248","25","UNSPECIFIED","0","1038","2095.3","25","0","9","191","2051.4","33.316","15220","2459","25.05","AS2","0","1372","2267.7","24.8","0","29","196","2215.32","33.519","3185","25.012","2.537","9892"
"WS22072_36","FL","2022","WaltonSmith","Upper_Keys","25.645","-80.085","2022-3-19","22:04:00","0","2060.722685066384502524","2377.063462761490959034","8.072515852650248","8.03073264178127","423.161564893437","3.5675100820235","36.281287064456",,"36.213","25.974","0",,"3","Permanent","Single","17176","0","O","7177","12T","665","Walton Smith-Mar 2022","WS_FL","WS","FL","1","16297","2022-3-19","22:04:00","+00:00","9868","22882","2109.443138937565","25","UNSPECIFIED","0","1038","2095.3","25","0","9","191","2051.4","33.316","15221","2437.8","25.1","AS2","0","1372","2267.7","24.8","0","29","196","2215.32","33.519","3186","25.048","2.3239","9893"
"WS22072_37","FL","2022","WaltonSmith","Upper_Keys","25.642","-80.106","2022-3-19","22:30:00","0","2028.087835560615164788","2384.354381851458183083","8.128806548751294","8.08763723921653","360.252524535424","3.99008574543097","36.24364637175905",,"36.202","26.297","0",,"2","Permanent","Single","17177","0","O","7196","13T","665","Walton Smith-Mar 2022","WS_FL","WS","FL","1","16298","2022-3-19","22:30:00","+00:00","9869","22883","2075.957180103575","25","UNSPECIFIED","0","1038","2095.3","25","0","9","191","2051.4","33.316","15222","2445.2","25.1","AS2","0","1372","2267.7","24.8","0","29","196","2215.32","33.519","3187","25.1","2.6005","9894"
"WS22072_38","FL","2022","WaltonSmith","Upper_Keys","25.647","-80.131","2022-3-19","22:46:00","0","2046.279100283686345739","2400.473674237526872152","8.138597027667256","8.07634759249832","375.958468876704","4.03726078711503","35.559488177346005",,"35.377","27.225","0",,"1","Permanent","Single","17178","0","O","7197","14T","665","Walton Smith-Mar 2022","WS_FL","WS","FL","1","16299","2022-3-19","22:46:00","+00:00","9870","22884","2093.53227376243","25","UNSPECIFIED","0","1038","2095.3","25","0","9","191","2051.4","33.316","15223","2460.65","24.85","AS2","0","1372","2267.7","24.8","0","29","196","2215.32","33.519","3188","24.859","2.6315","9895"
"WS22072_39","FL","2022","WaltonSmith","Upper_Keys",,,"2022-5-21",,"0","1934.559073196007180803","2313.344234229004311529","8.16028061828851","8.09015910396551","341.72919054668","4.22555101803133","36.50561980780092",,"36.403","28.93","0",,"1","Permanent","Single","17423","0","O","7343","1F","677","Walton Smith-May 2022","WS_FL","WS","FL","1","16522","2022-5-21","09:50:00",,"10110","22971","1980.77040549769","25","UNSPECIFIED","0","1055","2062.55","25","0","29","196","2018.83","33.519","15401","2367.3","23.75","AS1","0","1385","2261.9","23.65","0","29","196","2215.32","33.519","3403","24.562","2.7302","9986"
"WS22072_43","FL","2022","WaltonSmith","Upper_Keys",,,"2022-5-21",,"0","2020.825138800534815357","2353.897592990953212009","8.101621014291874","8.02658724754833","420.816568999136","3.77670022616267","36.303903649934576",,"36.193","28.251","0",,"2","Permanent","Single","17427","0","O","7347","5F","677","Walton Smith-May 2022","WS_FL","WS","FL","1","16526","2022-5-21","10:10:00",,"10114","22975","2068.84023344308","25","UNSPECIFIED","0","1055","2062.55","25","0","29","196","2018.83","33.519","15405","2407.2","23.8","AS1","0","1386","2259.75","25","0","29","196","2215.32","33.519","3407","24.62","2.4361","9990"
"WS22072_40","FL","2022","WaltonSmith","Upper_Keys",,,"2022-5-21",,"0","2062.401304249148931764","2379.927890764218881865","8.06572967187637","8.00327536103641","455.208492023362","3.61653399431751","36.429999558142235",,"36.253","27.786","0",,"3","Permanent","Single","17424","0","O","7344","2F","677","Walton Smith-May 2022","WS_FL","WS","FL","1","16523","2022-5-21","10:15:00",,"10111","22972","2111.62449482857","25","UNSPECIFIED","0","1055","2062.55","25","0","29","196","2018.83","33.519","15402","2434.1","23.8","AS1","0","1386","2259.75","25","0","29","196","2215.32","33.519","3404","24.727","2.2748","9987"
"WS22072_41","FL","2022","WaltonSmith","Upper_Keys",,,"2022-5-21",,"0","1935.412154821987319009","2305.156957109806506602","8.164877555598501","8.06554340575338","363.859900271051","4.11766244498209","36.908634881191546",,"36.816","29.438","0",,"EK_IN","Permanent","Single","17425","0","O","7345","3F","677","Walton Smith-May 2022","WS_FL","WS","FL","1","16524","2022-5-21","13:44:00",,"10112","22973","1982.234115325105","25","UNSPECIFIED","0","1055","2062.55","25","0","29","196","2018.83","33.519","15403","2358.65","23.3","AS1","0","1386","2259.75","25","0","29","196","2215.32","33.519","3405","24.672","2.7639","9988"
"WS22072_42","FL","2022","WaltonSmith","Upper_Keys",,,"2022-5-21",,"0","2050.360378572579338135","2374.724745495845546338","8.065690223335974","8.00003258892482","456.778571646921","3.70215449979075","36.51182041147251",,"36.347","28.722","0",,"EK_MID","Permanent","Single","17426","0","O","7346","4F","677","Walton Smith-May 2022","WS_FL","WS","FL","1","16525","2022-5-21","14:03:00",,"10113","22974","2099.416306870535","25","UNSPECIFIED","0","1055","2062.55","25","0","29","196","2018.83","33.519","15404","2428.95","23.75","AS1","0","1386","2259.75","25","0","29","196","2215.32","33.519","3406","24.59","2.2671","9989"
"WS22072_44","FL","2022","WaltonSmith","Upper_Keys",,,"2022-5-21",,"0","2061.479817090792828496","2379.091168158304303696","8.0824264375412","7.99955142559569","459.560437242287","3.62397681782665","36.418824731755166",,"36.275","28.062","0",,"EK_OFF","Permanent","Single","17428","0","O","7348","6F","677","Walton Smith-May 2022","WS_FL","WS","FL","1","16527","2022-5-21","14:24:00",,"10115","22976","2110.663085714625","25","UNSPECIFIED","0","1055","2062.55","25","0","29","196","2018.83","33.519","15406","2439.05","25.45","AS1","0","1387","2266.75","25","0","29","196","2215.32","33.519","3408","24.603","2.3445","9991"
"WS22072_45","FL","2022","WaltonSmith","Upper_Keys",,,"2022-5-21",,"0","1896.436615580030694951","2231.426867743027293437","8.094082198985854","8.00420164872124","416.415289385049","3.68681674143436","37.74161411774191",,"37.65","30.119","0",,"4","Permanent","Single","17429","0","O","7349","7F","677","Walton Smith-May 2022","WS_FL","WS","FL","1","16528","2022-5-21","17:00:00",,"10116","22977","1943.48731398775","25","UNSPECIFIED","0","1055","2062.55","25","0","29","196","2018.83","33.519","15407","2290","25.5","AS1","0","1387","2266.75","25","0","29","196","2215.32","33.519","3409","24.662","2.4081","9992"
"WS22072_46","FL","2022","WaltonSmith","Upper_Keys",,,"2022-5-21",,"0","1936.314439669080220939","2305.179548181038366345","8.141538330539518","8.05352060494376","375.20147418166","4.10668981015138","37.17644611652738",,"37.034","29.934","0",,"5","Permanent","Single","17430","0","O","7350","8F","677","Walton Smith-May 2022","WS_FL","WS","FL","1","16529","2022-5-21","17:13:00",,"10117","22978","1983.55092092767","25","UNSPECIFIED","0","1055","2062.55","25","0","29","196","2018.83","33.519","15408","2364.45","25.75","AS1","0","1387","2266.75","25","0","29","196","2215.32","33.519","3410","24.553","2.6346","9993"
"WS22072_47","FL","2022","WaltonSmith","Upper_Keys",,,"2022-5-21",,"0","2048.212574046974146345","2375.070572078700938273","8.095765053813672","8.01461825760989","439.220020726313","3.71144919309899","36.497761161962934",,"36.36","28.018","0",,"MR","Permanent","Single","17431","0","O","7351","9F","677","Walton Smith-May 2022","WS_FL","WS","FL","1","16530","2022-5-21","18:43:00",,"10118","22979","2097.194140427455","25","UNSPECIFIED","0","1055","2062.55","25","0","29","196","2018.83","33.519","15409","2435","25.55","AS1","0","1387","2266.75","25","0","29","196","2215.32","33.519","3411","24.393","2.3952","9994"
"WS22072_48","FL","2022","WaltonSmith","Upper_Keys",,,"2022-5-21",,"0","2046.974792963838322964","2374.355268933988475229","8.080134293179205","8.0094983876574","445.097701308957","3.72916864349127","36.45453799304517",,"36.334","28.458","0",,"UK_OFF","Permanent","Single","17432","0","O","7352","10F","677","Walton Smith-May 2022","WS_FL","WS","FL","1","16531","2022-5-21","20:14:00",,"10119","22980","2095.859175409835","25","UNSPECIFIED","0","1055","2062.55","25","0","29","196","2018.83","33.519","15410","2434.3","25.4","AS1","0","1387","2266.75","25","0","29","196","2215.32","33.519","3412","24.433","2.324","9995"
"WS22072_49","FL","2022","WaltonSmith","Upper_Keys",,,"2022-5-21",,"0","2000.983654423450726472","2377.194615749876547807","8.12853567230853","8.05201852680621","389.732510076687","4.25290098501872","36.94433931347188",,"36.767","30.142","0",,"UK_IN","Permanent","Single","17433","0","O","7353","11F","677","Walton Smith-May 2022","WS_FL","WS","FL","1","16532","2022-5-21","20:37:00",,"10120","22981","2049.484918106995","25","UNSPECIFIED","0","1055","2062.55","25","0","29","196","2018.83","33.519","15411","2432.1","25","AS1","0","1388","2260.55","24.9","0","29","196","2215.32","33.519","3413","24.62","2.5717","9996"
"WS22072_50","FL","2022","WaltonSmith","Middle_Keys",,,"2022-5-21",,"0","1957.358000034053717383","2363.208642306539161754","8.155554350194258","8.09426375738178","340.999955604551","4.53302863818164","37.191807938077304",,"37.0777","30.1142","0",,"7","Permanent","Single","17434","0","O","7354","12F","677","Walton Smith-May 2022","WS_FL","WS","FL","1","16533","2022-5-21","22:23:00",,"10121","22982","2005.14307942673","25","UNSPECIFIED","0","1055","2062.55","25","0","29","196","2018.83","33.519","15412","2418.1","25.15","AS1","0","1388","2260.55","24.9","0","29","196","2215.32","33.519","3414","24.539","2.7067","9997"
"WS22072_51","FL","2022","WaltonSmith","Middle_Keys",,,"2022-5-21",,"0","2030.358967794015526109","2407.912202088674384779","8.079726019156377","8.06425875633773","383.498626946116","4.28535718710469","36.63135344399998",,"36.476","29.374","0",,"8","Permanent","Single","17435","0","O","7355","13F","677","Walton Smith-May 2022","WS_FL","WS","FL","1","16534","2022-5-21","22:47:00",,"10122","22983","2079.108626060775","25","UNSPECIFIED","0","1055","2062.55","25","0","29","196","2018.83","33.519","15413","2462.9","25.15","AS1","0","1388","2260.55","24.9","0","29","196","2215.32","33.519","3415","24.623","2.334","9998"
"WS22072_52","FL","2022","WaltonSmith","Upper_Keys",,,"2022-5-21",,"0","2048.36532879290717488","2410.204314606548301746","8.042259180777336","8.04388378791031","408.031294103271","4.12629852616635","36.521336995922",,"36.347","29.257","0",,"UK_MID","Permanent","Single","17436","0","O","7356","14F","677","Walton Smith-May 2022","WS_FL","WS","FL","1","16535","2022-5-21","22:47:00",,"10123","22984","2097.38714345413","25","UNSPECIFIED","0","1055","2062.55","25","0","29","196","2018.83","33.519","15414","2464.9","25.35","AS1","0","1388","2260.55","24.9","0","29","196","2215.32","33.519","3416","24.613","2.1642","9999"
"WS22072_53","FL","2022","WaltonSmith","Middle_Keys",,,"2022-5-21",,"0","2009.957273426822664232","2375.359557621331983021","8.085709650462269","8.08687207099545","357.055936267929","4.06534690759694","36.77672192290168",,"36.6775","26.92204","0",,"9","Permanent","Single","17437","0","O","7357","15F","677","Walton Smith-May 2022","WS_FL","WS","FL","1","16536","2022-5-21","23:08:00",,"10124","22985","2057.975363630185","25","UNSPECIFIED","0","1056","2062.1","25","0","29","196","2018.83","33.519","15415","2429.7","25.3","AS1","0","1388","2260.55","24.9","0","29","196","2215.32","33.519","3417","24.991","2.3845","10000"
"WS22072_54","FL","2022","WaltonSmith","Middle_Keys",,,"2022-5-21",,"0","2038.828052966606565461","2391.672179679496569635","8.064978349174044","8.049329824544","399.951628922112","3.98988720662911","36.560629361951",,"36.4689","28.1607","0",,"9.5","Permanent","Single","17438","0","O","7358","16F","677","Walton Smith-May 2022","WS_FL","WS","FL","1","16537","2022-5-21","23:54:00",,"10125","22986","2087.2258216726","25","UNSPECIFIED","0","1056","2062.1","25","0","29","196","2018.83","33.519","15416","2445.95","25.4","AS1","0","1388","2260.55","24.9","0","29","196","2215.32","33.519","3418","25.025","2.2891","10001"
"WS22072_55","FL","2022","WaltonSmith","Middle_Keys",,,"2022-5-22",,"0","2028.777513516383604621","2382.970781575618920665","8.071022423915506","8.06187878509247","384.808033846047","3.97411994035729","36.67946237749301",,"36.6254","27.4587","0",,"12","Permanent","Single","17439","0","O","7359","17F","677","Walton Smith-May 2022","WS_FL","WS","FL","1","16538","2022-5-22","01:34:00",,"10126","22987","2077.11104850483","25","UNSPECIFIED","0","1056","2062.1","25","0","29","196","2018.83","33.519","15417","2437.25","25.4","AS1","0","1388","2260.55","24.9","0","29","196","2215.32","33.519","3419","25.032","2.3178","10002"
"WS22072_56","FL","2022","WaltonSmith","Middle_Keys",,,"2022-5-22",,"0","1944.398506487940011639","2312.063276933183312702","8.088917283017318","8.04277463698451","386.765720428082","4.08261995990866","37.568486256440124",,"37.523","30.139","0",,"11","Permanent","Single","17440","0","O","7360","18F","677","Walton Smith-May 2022","WS_FL","WS","FL","1","16539","2022-5-22","02:04:00",,"10127","22988","1991.962228813625","25","UNSPECIFIED","0","1056","2062.1","25","0","29","196","2018.83","33.519","15418","2366.05","25.55","AS1","0","1388","2260.55","24.9","0","29","196","2215.32","33.519","3420","24.759","2.3888","10003"
"WS22072_57","FL","2022","WaltonSmith","Middle_Keys",,,"2022-5-22",,"0","1893.352796305047015362","2265.179302351906727587","8.076603960419975","8.05056616194186","368.241483418673","4.06123494457605","38.07760721258604",,"37.9485","30.15803","0",,"10","Permanent","Single","17441","0","O","7361","19F","677","Walton Smith-May 2022","WS_FL","WS","FL","1","16540","2022-5-22","02:28:00",,"10128","22989","1940.35491842429","25","UNSPECIFIED","0","1056","2062.1","25","0","29","196","2018.83","33.519","15419","2319","25.35","AS1","0","1388","2260.55","24.9","0","29","196","2215.32","33.519","3421","24.608","2.3237","10004"
"WS22072_58","FL","2022","WaltonSmith","Middle_Keys",,,"2022-5-22",,"0","1993.83901159437615902","2344.802136633362728328","8.038542536720566","8.00060279141025","441.502089959978","3.9211331193035","38.03704002307751",,"37.753","30.55","0",,"13","Permanent","Single","17442","0","O","7362","20F","677","Walton Smith-May 2022","WS_FL","WS","FL","1","16541","2022-5-22","03:56:00",,"10129","22990","2043.359534158345","25","UNSPECIFIED","0","1056","2062.1","25","0","29","196","2018.83","33.519","15420","2400.55","25.4","AS1","0","1388","2260.55","24.9","0","29","196","2215.32","33.519","3422","24.617","2.1534","10005"
"WS22072_59","FL","2022","WaltonSmith","Middle_Keys",,,"2022-5-22",,"0","1964.860972815392661638","2320.440163635062092673","8.126280190093567","8.03822665379652","396.194004489518","3.97735305412144","37.07362079503391",,"36.953","29.533","0",,"14","Permanent","Single","17443","0","O","7363","21F","677","Walton Smith-May 2022","WS_FL","WS","FL","1","16542","2022-5-22","04:14:00",,"10130","22991","2012.20682440346","25","UNSPECIFIED","0","1056","2062.1","25","0","29","196","2018.83","33.519","15421","2373.95","25.3","AS1","0","1388","2260.55","24.9","0","29","196","2215.32","33.519","3423","24.726","2.5676","10006"
"WS22072_60","FL","2022","WaltonSmith","Middle_Keys",,,"2022-5-22",,"0","2037.256856855354201532","2356.700664418947440713","8.082239083949332","7.99807078025736","455.709944324429","3.62802038337131","36.61956629144801",,"36.476","28.426","0",,"15","Permanent","Single","17444","0","O","7364","22F","677","Walton Smith-May 2022","WS_FL","WS","FL","1","16543","2022-5-22","04:33:00",,"10131","22992","2085.70685416887","25","UNSPECIFIED","0","1056","2062.1","25","0","29","196","2018.83","33.519","15422","2411.55","24.8","AS1","0","1389","2261.7","24.5","0","29","196","2215.32","33.519","3424","24.759","2.3537","10007"
"WS22072_61","FL","2022","WaltonSmith","Middle_Keys",,,"2022-5-22",,"0","2066.131077069505493809","2377.382495413105923197","8.047093335823309","7.99482220906474","466.059945782428","3.55330855529408","36.35857143262662",,"36.223","27.756","0",,"15.5","Permanent","Single","17445","0","O","7365","23F","677","Walton Smith-May 2022","WS_FL","WS","FL","1","16544","2022-5-22","05:09:00",,"10132","22993","2114.882853952465","25","UNSPECIFIED","0","1056","2062.1","25","0","29","196","2018.83","33.519","15423","2432.2","24.9","AS1","0","1389","2261.7","24.5","0","29","196","2215.32","33.519","3425","24.703","2.1897","10008"
"WS22072_62","FL","2022","WaltonSmith","Middle_Keys",,,"2022-5-22",,"0","2024.936549218642832946","2366.255045944696634951","8.073955227519928","8.02768942051681","419.718445660324","3.85365684703788","36.761967876009415",,"36.6956","28.5349","0",,"18","Permanent","Single","17446","0","O","7366","24F","677","Walton Smith-May 2022","WS_FL","WS","FL","1","16545","2022-5-22","07:01:00",,"10133","22994","2074.454598270965","25","UNSPECIFIED","0","1057","2063.25","25","0","29","196","2018.83","33.519","15424","2421.45","25","AS1","0","1389","2261.7","24.5","0","29","196","2215.32","33.519","3426","24.59","2.3059","10009"
"WS22072_63","FL","2022","WaltonSmith","Middle_Keys",,,"2022-5-22",,"0","2017.36520026984198219","2330.295906214314387942","8.07687103671744","7.98033258307488","471.978805500205","3.54709071766671","36.86149323373898",,"36.691","28.988","0",,"17","Permanent","Single","17447","0","O","7367","1G","678","Walton Smith-May 2022","WS_FL","WS","FL","1","16546","2022-5-22","07:27:00",,"10134","22995","2066.848293140665","25","UNSPECIFIED","0","1057","2063.25","25","0","29","196","2018.83","33.519","15425","2384.6","25.25","AS1","0","1389","2261.7","24.5","0","29","196","2215.32","33.519","3427","24.531","2.3163","10010"
"WS22072_64","FL","2022","WaltonSmith","Middle_Keys",,,"2022-5-22",,"0","1829.821401359509937859","2134.990199303755717088","8.062653700993335","7.9682127360882","440.221847977096","3.31674524675911","37.95197672741794",,"37.847","30.157","0",,"16","Permanent","Single","17448","0","O","7368","2G","678","Walton Smith-May 2022","WS_FL","WS","FL","1","16547","2022-5-22","07:57:00",,"10135","22996","1876.172476315305","25","UNSPECIFIED","0","1057","2063.25","25","0","29","196","2018.83","33.519","15426","2186.3","25.15","AS1","0","1389","2261.7","24.5","0","29","196","2215.32","33.519","3428","24.57","2.2573","10011"
"WS22072_65","FL","2022","WaltonSmith","Lower_Keys",,,"2022-5-22",,"0","1932.612469915564377381","2254.114978696569705224","8.105892055752333","7.98275270433362","448.363583815526","3.56625204450935","37.6784374896367",,"37.509","29.911","0",,"19","Permanent","Single","17449","0","O","7369","3G","678","Walton Smith-May 2022","WS_FL","WS","FL","1","16548","2022-5-22","10:01:00",,"10136","22997","1981.192424626585","25","UNSPECIFIED","0","1057","2063.25","25","0","29","196","2018.83","33.519","15427","2308","25.15","AS1","0","1389","2261.7","24.5","0","29","196","2215.32","33.519","3429","24.53","2.4567","10012"
"WS22072_66","FL","2022","WaltonSmith","Lower_Keys",,,"2022-5-22",,"0","1974.662022302168500112","2297.1521796723551479","8.093873106218263","7.98714436341611","453.522090461023","3.61478695687864","37.3053607778141",,"37.142","29.56","0",,"20","Permanent","Single","17450","0","O","7370","4G","678","Walton Smith-May 2022","WS_FL","WS","FL","1","16549","2022-5-22","10:12:00",,"10137","22998","2023.751264151935","25","UNSPECIFIED","0","1057","2063.25","25","0","29","196","2018.83","33.519","15428","2351.55","25.05","AS1","0","1389","2261.7","24.5","0","29","196","2215.32","33.519","3430","24.657","2.4053","10013"
"WS22072_67","FL","2022","WaltonSmith","Lower_Keys",,,"2022-5-22",,"0","2041.516812682392110338","2354.353776861592168494","8.075298327512119","8.01228415934143","439.280332444397","3.52092417217482","36.62314690943672",,"36.342","26.781","0",,"21LK","Permanent","Single","17451","0","O","7371","5G","678","Walton Smith-May 2022","WS_FL","WS","FL","1","16550","2022-5-22","10:52:00",,"10138","22999","2091.229632047905","25","UNSPECIFIED","0","1057","2063.25","25","0","29","196","2018.83","33.519","15429","2408.9","25.15","AS1","0","1389","2261.7","24.5","0","29","196","2215.32","33.519","3431","24.653","2.3152","10014"
"WS22072_68","FL","2022","WaltonSmith","Lower_Keys",,,"2022-5-22",,"0","2069.579700876443952313","2387.473395599046828716","8.075286080192951","8.00482726618377","454.920290341704","3.62235178225651","36.418824731755166",,"36.244","27.654","0",,"21.5","Permanent","Single","17452","0","O","7372","6G","678","Walton Smith-May 2022","WS_FL","WS","FL","1","16551","2022-5-22","11:48:00",,"10139","23000","2119.662235400295","25","UNSPECIFIED","0","1057","2063.25","25","0","29","196","2018.83","33.519","15430","2442.5","25.1","AS1","0","1389","2261.7","24.5","0","29","196","2215.32","33.519","3432","24.535","2.3074","10015"
"WS22072_69","FL","2022","WaltonSmith","Lower_Keys",,,"2022-5-22",,"0","2017.704686053120210351","2324.251777346774206846","8.047683015842372","7.975190069394","478.089056993998","3.47271283592554","36.845430244666176",,"36.779","28.706","0",,"WS","Permanent","Single","17453","0","O","7373","7G","678","Walton Smith-May 2022","WS_FL","WS","FL","1","16552","2022-5-22","15:16:00",,"10140","23001","2067.17166553979","25","UNSPECIFIED","0","1057","2063.25","25","0","29","196","2018.83","33.519","15431","2378.45","25.15","AS1","0","1389","2261.7","24.5","0","29","196","2215.32","33.519","3433","24.684","2.1932","10016"
"WS22072_70","FL","2022","WaltonSmith","Lower_Keys",,,"2022-5-22",,"0","2069.766654518642292031","2380.368968902146984178","8.074097888958919","7.99076898925831","471.651706493325","3.54815711786119","36.42668370840066",,"36.264","27.872","0",,"22.5","Permanent","Single","17454","0","O","7374","8G","678","Walton Smith-May 2022","WS_FL","WS","FL","1","16553","2022-5-22","16:41:00",,"10141","23002","2119.866054744535","25","UNSPECIFIED","0","1057","2063.25","25","0","29","196","2018.83","33.519","15432","2435.2","25.15","AS1","0","1389","2261.7","24.5","0","29","196","2215.32","33.519","3434","24.613","2.3065","10017"
"WS22072_71","FL","2022","WaltonSmith","Lower_Keys",,,"2022-5-22",,"0","2059.848629715247787438","2367.281349809561329567","8.076311458134397","7.98041409496142","482.017973964697","3.51333638424436","36.51574970000263",,"36.4","28.28","0",,"22","Permanent","Single","17455","0","O","7375","9G","678","Walton Smith-May 2022","WS_FL","WS","FL","1","16554","2022-5-22","17:13:00",,"10142","23003","2109.84455869447","25","UNSPECIFIED","0","1057","2063.25","25","0","29","196","2018.83","33.519","15433","2421.55","24.85","AS1","0","1390","2260.75","25","0","29","196","2215.32","33.519","3435","24.512","2.3112","10018"
"WS22072_72","FL","2022","WaltonSmith","Lower_Keys",,,"2022-5-22",,"0","1968.707121701644006986","2278.500384743652867145","8.06202568251077","7.96771477396424","475.276425843844","3.48017274184356","37.26739416002881",,"37.088","29.706","0",,"23","Permanent","Single","17456","0","O","7376","10G","678","Walton Smith-May 2022","WS_FL","WS","FL","1","16555","2022-5-22","17:30:00",,"10143","23004","2019.59596659124","25","UNSPECIFIED","0","1058","2065.25","25","0","29","196","2018.83","33.519","15434","2331.85","24.9","AS1","0","1390","2260.75","25","0","29","196","2215.32","33.519","3436","24.518","2.2493","10019"
"WS22072_73","FL","2022","WaltonSmith","Lower_Keys",,,"2022-5-22",,"0","1960.784064797842139349","2256.311238833762472106","8.041483764984992","7.94213414100313","504.750372166897","3.31643786577856","37.501726795921094",,"37.366","29.871","0",,"24","Permanent","Single","17457","0","O","7377","11G","678","Walton Smith-May 2022","WS_FL","WS","FL","1","16556","2022-5-22","17:56:00",,"10144","23005","2011.822386676625","25","UNSPECIFIED","0","1058","2065.25","25","0","29","196","2018.83","33.519","15435","2309.4","25.05","AS1","0","1390","2260.75","25","0","29","196","2215.32","33.519","3437","24.959","2.1836","10020"
"WS22072_74","FL","2022","WaltonSmith","Upper_Keys",,,"2022-5-23",,"0","2048.867446626173260049","2366.363194375707733335","8.07348535163854","7.98845716244202","470.723023747832","3.64230169598535","36.31927471212937",,"36.104","29.004","0",,"6.5","Permanent","Single","17458","0","O","7378","12G","678","Walton Smith-May 2022","WS_FL","WS","FL","1","16557","2022-5-23","21:39:00",,"10145","23006","2100.29417558796","25","UNSPECIFIED","0","1058","2065.25","25","0","29","196","2018.83","33.519","15436","2420.15","25","AS1","0","1390","2260.75","25","0","29","196","2215.32","33.519","3438","24.783","2.3131","10021"
